"time","hosp_occup_mean","hosp_occup_median","hosp_occup_q25","hosp_occup_q75","hosp_admit_mean","hosp_admit_median","hosp_admit_q25","hosp_admit_q75","icu_occup_mean","icu_occup_median","icu_occup_q25","icu_occup_q75","icu_admit_mean","icu_admit_median","icu_admit_q25","icu_admit_q75","new_infect_mean","new_infect_median","new_infect_q25","new_infect_q75","new_deaths_mean","new_deaths_median","new_deaths_q25","new_deaths_q75"
"2020-02-01",0,0,0,0,0,0,0,0,0,0,0,0,0,0,0,0,1.71383147853736,1,1,2,0,0,0,0
"2020-02-02",0,0,0,0,0,0,0,0,0,0,0,0,0,0,0,0,2.21485411140584,2,1,3,0,0,0,0
"2020-02-03",0,0,0,0,0,0,0,0,0,0,0,0,0,0,0,0,2.70036540803898,2,1,3,0,0,0,0
"2020-02-04",0,0,0,0,0,0,0,0,0,0,0,0,0,0,0,0,3.00231481481481,3,1,4,0,0,0,0
"2020-02-05",0,0,0,0,0,0,0,0,0,0,0,0,0,0,0,0,3.56921373200443,3,2,5,0,0,0,0
"2020-02-06",0.117256637168142,0,0,0,0.117256637168142,0,0,0,0,0,0,0,0,0,0,0,4.08296460176991,3,2,6,0,0,0,0
"2020-02-07",0.263214670981661,0,0,0,0.183387270765912,0,0,0,0,0,0,0,0,0,0,0,4.75620280474649,4,2,7,0,0,0,0
"2020-02-08",0.44206008583691,0,0,1,0.243562231759657,0,0,0,0,0,0,0,0,0,0,0,5.50107296137339,5,2,8,0,0,0,0
"2020-02-09",0.655755015839493,0,0,1,0.273495248152059,0,0,0,0,0,0,0,0,0,0,0,6.36219640971489,5,3,9,0,0,0,0
"2020-02-10",0.911366006256517,1,0,1.5,0.301355578727842,0,0,1,0,0,0,0,0,0,0,0,7.63399374348279,6,4,10,0,0,0,0
"2020-02-11",1.23664921465969,1,0,2,0.402094240837696,0,0,1,0,0,0,0,0,0,0,0,9.00942408376963,7,4,11.5,0,0,0,0
"2020-02-12",1.61904761904762,1,0,3,0.457556935817805,0,0,1,0,0,0,0,0,0,0,0,10.6438923395445,8,5,14,0,0,0,0
"2020-02-13",2.05532786885246,2,1,3,0.536885245901639,0,0,1,0,0,0,0,0,0,0,0,12.7325819672131,10,5,17,0,0,0,0
"2020-02-14",2.66564417177914,2,1,4,0.639059304703476,0,0,1,0,0,0,0,0,0,0,0,14.7668711656442,11,6,20,0,0,0,0
"2020-02-15",3.41212744090442,3,1,5,0.781089414182939,0,0,1,0,0,0,0,0,0,0,0,17.9516957862282,14,7,24,0,0,0,0
"2020-02-16",4.20773930753564,3,1,6,0.90020366598778,1,0,1,0,0,0,0,0,0,0,0,21.2270875763747,16,8,28,0,0,0,0
"2020-02-17",5.11758691206544,4,2,7,1.04192229038855,1,0,2,0,0,0,0,0,0,0,0,25.4038854805726,18,10,34,0.0132924335378323,0,0,0
"2020-02-18",6.17413441955193,5,2,9,1.23727087576375,1,0,2,0,0,0,0,0,0,0,0,30.0040733197556,22,11,40,0.0132382892057026,0,0,0
"2020-02-19",7.3580121703854,6,3,10,1.47971602434077,1,0,2,0,0,0,0,0,0,0,0,35.816430020284,25,12,47,0.0283975659229209,0,0,0
"2020-02-20",8.86965376782077,7,3,12,1.77596741344196,1,0,3,0,0,0,0,0,0,0,0,42.918533604888,29,15,56,0.0234215885947047,0,0,0
"2020-02-21",10.6280487804878,8,4,14,2.11788617886179,1,0,3,0,0,0,0,0,0,0,0,51.1371951219512,34,17,65.25,0.024390243902439,0,0,0
"2020-02-22",12.7896341463415,10,5,17,2.54065040650406,2,1,4,0,0,0,0,0,0,0,0,61.280487804878,40,20,77.25,0.0376016260162602,0,0,0
"2020-02-23",15.2634245187437,12,5,20,2.95136778115502,2,1,4,0.0151975683890578,0,0,0,0.0212765957446809,0,0,0,73.339412360689,48,23,95,0.0395136778115502,0,0,0
"2020-02-24",18.1343434343434,13,6,24,3.51111111111111,2,1,5,0.0575757575757576,0,0,0,0.0545454545454545,0,0,0,87.7424242424242,54,26.25,111.75,0.0555555555555556,0,0,0
"2020-02-25",21.8451417004049,16,8,29,4.31072874493927,3,1,6,0.121457489878543,0,0,0,0.0637651821862348,0,0,0,105.876518218623,64,30,132,0.0475708502024291,0,0,0
"2020-02-26",26.0825780463243,18,9,34,5.13393756294058,3,1,7,0.179254783484391,0,0,0,0.0704934541792548,0,0,0,125.12084592145,73,34,158,0.0785498489425982,0,0,0
"2020-02-27",31.159595959596,21.5,10,40,5.93737373737374,4,2,8,0.248484848484848,0,0,0,0.0808080808080808,0,0,0,152.140404040404,83,40.25,189.75,0.111111111111111,0,0,0
"2020-02-28",37.2719033232628,26,12,48,7.2527693856999,5,2,10,0.348439073514602,0,0,1,0.1067472306143,0,0,0,182.463242698892,102,45,229,0.0986908358509567,0,0,0
"2020-02-29",44.7401812688822,30,14,57,8.6576032225579,5,2,11,0.468277945619335,0,0,1,0.124874118831823,0,0,0,219.291037260826,112,52,278,0.112789526686808,0,0,0
"2020-03-01",53.8118712273642,35.5,17,67.75,10.6177062374245,6,3,13,0.586519114688129,0,0,1,0.126760563380282,0,0,0,263.639839034205,133,63,321.75,0.135814889336016,0,0,0
"2020-03-02",64.5543259557344,41,19,80,12.4929577464789,7,3,16,0.758551307847082,0,0,1,0.175050301810865,0,0,0,317.521126760563,155,71,389,0.163983903420523,0,0,0
"2020-03-03",77.8056394763343,48,22,98,15.3413897280967,9,4,20,0.966767371601209,1,0,2,0.203423967774421,0,0,0,384.115810674723,183,83,468,0.200402819738167,0,0,0
"2020-03-04",93.3812877263582,57,25,116,18.1629778672032,10,4,22,1.16599597585513,1,0,2,0.214285714285714,0,0,0,463.251509054326,215,94,560.75,0.258551307847082,0,0,0
"2020-03-05",111.989959839357,66,29,139.25,21.6917670682731,11,5,26,1.4578313253012,1,0,2,0.285140562248996,0,0,0,557.789156626506,244.5,106,662.75,0.276104417670683,0,0,0
"2020-03-06",134.780120481928,77,35,167.5,26.285140562249,14,6,32.25,1.78714859437751,1,0,3,0.316265060240964,0,0,1,674.238955823293,287,125.75,798.5,0.320281124497992,0,0,0
"2020-03-07",161.980923694779,87,41,201.25,31.5060240963855,15,6,37,2.1566265060241,2,0,3,0.38855421686747,0,0,1,814.142570281124,344.5,138.75,938.5,0.436746987951807,0,0,1
"2020-03-08",195.331658291457,102,47,244.5,38.2894472361809,18,8,46,2.62110552763819,2,1,4,0.458291457286432,0,0,1,985.025125628141,389,166.5,1145.5,0.48643216080402,0,0,1
"2020-03-09",235.563819095477,121,55,289.5,46.1035175879397,21,10,57,3.15577889447236,2,1,5,0.537688442211055,0,0,1,1193.55175879397,465,188.5,1372.5,0.609045226130653,0,0,1
"2020-03-10",283.522088353414,139,64,345.5,55.3795180722892,24,10,66,3.80220883534137,3,1,5,0.647590361445783,0,0,1,1445.63052208835,533.5,215.75,1613.75,0.714859437751004,0,0,1
"2020-03-11",342.145582329317,165,73,418.25,67.2590361445783,29,12,80.25,4.53714859437751,3,1,6,0.752008032128514,0,0,1,1749.28714859438,621,255.5,1936.5,0.881526104417671,0,0,1
"2020-03-12",412.71686746988,189,84,493.5,81.2389558232932,33,14,96,5.36646586345381,4,2,7,0.892570281124498,0,0,1,2120.82228915663,726.5,286,2306,1.09236947791165,1,0,1
"2020-03-13",498.789156626506,219,96,602.5,98.4909638554217,39,16,115,6.43875502008032,5,2,9,1.1285140562249,1,0,2,2572.7640562249,842.5,331,2752,1.2359437751004,1,0,2
"2020-03-14",603.05421686747,259.5,115,712.75,119.489959839357,46.5,19,136.25,7.79718875502008,6,2,10,1.43473895582329,1,0,2,3119.8343373494,986.5,377.75,3274.5,1.53112449799197,1,0,2
"2020-03-15",729.908634538153,302,131,865.5,145,54.5,21,159.75,9.27510040160643,6,3,12,1.54116465863454,1,0,2,3788.60240963855,1152.5,445.5,3926.25,1.89457831325301,1,0,3
"2020-03-16",882.710843373494,356,150.75,1039.75,174.461847389558,64.5,25,194,11.078313253012,7,4,14,1.90361445783133,1,0,2,4596.19678714859,1361,509,4684.25,2.11345381526104,1,0,3
"2020-03-17",1068.33835341365,415,171.75,1229.25,211.903614457831,73,28,224.5,13.2238955823293,9,4,17,2.27208835341365,1,0,3,5583.18875502008,1597,572,5638.25,2.65461847389558,1,0,3.25
"2020-03-18",1294.24698795181,482,200,1452.25,257.393574297189,85,33,276.75,15.9447791164659,10,5,21,2.84136546184739,2,0,4,6773.38855421687,1844.5,663,6660.25,3.16465863453815,1,0,4
"2020-03-19",1567.7359437751,559.5,231.5,1738,311.793172690763,97.5,37,331,19.1104417670683,12,6,24,3.35642570281124,2,1,5,8221.79016064257,2195.5,758.75,8056.25,3.83333333333333,2,0,5
"2020-03-20",1900.91666666667,653,266.75,2075,379.270080321285,114,43,386,23.0381526104418,14,7,29,4.11646586345381,2,1,5,8158.50502008032,2098,740.25,7891.5,4.7289156626506,2,1,6
"2020-03-21",2305.73694779116,765,304.75,2474.5,460.543172690763,139,50.75,466.5,27.5793172690763,17,8,34,4.76807228915663,3,1,6,7275.6686746988,1865.5,633.75,7072,5.51706827309237,3,1,7
"2020-03-22",2796.22991967871,897.5,354.75,2947,558.129518072289,157,58,562.75,33.0903614457831,19,10,41,5.80421686746988,3,1,7,6584.20281124498,1686,572.75,6353,6.76606425702811,3,1,8
"2020-03-23",3392.46787148594,1046,407,3506.25,677.926706827309,182,68,685,39.535140562249,23,11,48.25,6.77911646586345,4,1,8,6005.78915662651,1482.5,515.75,5817,8.03313253012048,3,1,10
"2020-03-24",4115.91767068273,1225,459.75,4186,822.415662650602,216,73.75,803.75,47.3674698795181,27,12,57,8.25401606425703,4,1,10,5504.41064257028,1363.5,459.75,5378.75,9.84638554216867,4,1,11.25
"2020-03-25",4811.2078313253,1390,513,4818.25,815.532128514056,205,70.75,790.5,57.074297188755,31,15,68.25,10.1214859437751,5,2,12,5057.00602409639,1230,421.5,4948,11.7921686746988,5,2,13
"2020-03-26",5391.93373493976,1529.5,556.5,5401.5,727.002008032129,181.5,63,721,68.6706827309237,37,17,83,12.2600401606426,6,2,15,4655.50502008032,1143,373.75,4485,14.3524096385542,5,2,16
"2020-03-27",5875.98493975904,1629,578.5,5823.5,659.41265060241,169.5,57,639,82.6516064257028,43,20,101,14.5813253012048,6,2,17,4283.38554216867,1030,351,4115.75,17.2871485943775,6,2,19
"2020-03-28",6263.08935742972,1707.5,602,6174,600.205823293173,152,49.75,586,99.574297188755,49.5,23,122,17.7911646586345,7,3,21,3942.42369477912,965.5,322,3790.25,21.0512048192771,7,2,24
"2020-03-29",6555.47389558233,1755,612.25,6429.75,550.740963855422,137,47,534.75,119.957831325301,57.5,26.75,145.5,21.3815261044177,9,3,26,3630.84738955823,877,291,3498,25.7048192771084,9,3,28.25
"2020-03-30",6748.30522088353,1784.5,617.5,6610,505.707831325301,123,42,494.5,144.730923694779,66,30,175,26.066265060241,10,4,30,3345.96887550201,794.5,269,3234.25,31.1997991967871,10,3,32.25
"2020-03-31",6833.35642570281,1781.5,607.75,6652.5,465.352409638554,116,37,456.25,175.111445783133,78,35,211,31.6455823293173,13,5,35,3077.38955823293,736,242,2955.75,38.0070281124498,11,4,39.25
"2020-04-01",6800.48694779116,1738.5,587.5,6597.25,428.687751004016,102.5,35,407,211.776104417671,91,40,249,38.2670682730924,15,5,43,2831.40963855422,667,222.5,2743.5,46.2419678714859,14,5,48.25
"2020-04-02",6635.46586345382,1677,568,6462.5,393.766064257028,95,32,383.25,255.565261044177,107,46,297.5,46.0100401606426,17,6,51,2609.28313253012,630,196.75,2543,55.7018072289157,16,5,57
"2020-04-03",6319.96285140562,1582.5,521,6157.5,362.853413654618,89.5,28,349.25,308.559236947791,123,50,351.25,55.7449799196787,19,7,59.25,2396.31024096386,570,182.5,2345.75,67.6957831325301,18.5,7,67.25
"2020-04-04",5831.00100401606,1441,476,5667.75,333.776104417671,80,27.75,303.5,373.906626506024,142.5,61,422.5,67.9708835341365,22,8,72,2208.54116465863,518,166,2154.75,82.3755020080321,22,7,80
"2020-04-05",5328.23718592965,1305,434,5155.5,308.211055276382,74,25,298.5,452.649246231156,166,68.5,495,82.4291457286432,26,9.5,88,2035.03216080402,479,153,2003.5,81.4020100502513,21,7,77.5
"2020-04-06",4879.66365461847,1184,387.75,4689.75,282.94578313253,64.5,22,274.5,547.592369477912,191.5,79,610.5,100.070281124498,30,11.75,103,1871.19076305221,438.5,137,1825.75,72.4979919678715,18,6,71.25
"2020-04-07",4481.25702811245,1077,341.75,4314.5,261.414658634538,61,20,257.25,664.850401606426,227,92,723.25,121.543172690763,37,12,123,1722.6546184739,400,125.75,1671.25,66.4347389558233,17,5,65
"2020-04-08",4119.36746987952,969.5,313.25,3953,238.730923694779,56,17.75,235,805.026104417671,265.5,105,862.25,147.35140562249,42,15,145,1586.95481927711,360,112.5,1545.5,60.0803212851406,15,4,57
"2020-04-09",3793.94472361809,899,285.5,3651,221.410050251256,53,16,212.5,978.324623115578,311,122,1036.5,179.196984924623,48,18,184,1461.69648241206,343,105,1425,55.0562814070352,13,4,54.5
"2020-04-10",3490.92964824121,829,261,3356.5,203.196984924623,47,14,192.5,1185.40703517588,366,138,1218,217.440201005025,57,20,211.5,1344.98090452261,312,94,1306,50.2592964824121,12,4,48
"2020-04-11",3212.58592964824,750,233.5,3066,187.460301507538,43,14,181,1391.26532663317,415,156.5,1420,215.450251256281,55,19,212,1239.98391959799,285,87,1199.5,46.7517587939698,12,4,46
"2020-04-12",2955.60301507538,693,208,2851.5,172.261306532663,40,13,163.5,1570.03316582915,449,172,1603.5,192.269346733668,48,17,191,1140.59798994975,261,79.5,1081.5,42.8804020100503,10,3,42
"2020-04-13",2720.69346733668,627,190,2656.5,159.09648241206,37,11,153.5,1727.71055276382,496,175,1757.5,174.285427135678,44,14.5,168.5,1049.26934673367,236,70.5,1010,39.3125628140704,10,3,37
"2020-04-14",2502.76381909548,575,174.5,2484.5,145.925628140704,34,10,141,1865.54170854271,533,184,1880.5,158.250251256281,40,13,152.5,966.207035175879,216,65,921.5,36.6311557788945,9,3,35
"2020-04-15",2305.96780684105,529.5,153.25,2297.75,135.211267605634,31,9,133,1990.9245472837,568.5,187.25,2014.25,145.582494969819,36.5,12,141.5,891.140845070423,201.5,61,853.75,33.3843058350101,8,2,33
"2020-04-16",2121.49698189135,479.5,139.5,2100.75,123.857142857143,29,8,119,2097.43661971831,585,197.5,2103.25,133.662977867203,34,11,128.75,820.763581488934,182,56,782,30.8158953722334,8,2,29.75
"2020-04-17",1952.04728370221,447.5,122,1921.5,114.204225352113,27,8,109.75,2187.00201207243,608,198.5,2173.75,123.143863179074,31,10,116.75,755.045271629779,167.5,49.25,719.25,28.3993963782696,7,2,27
"2020-04-18",1797.37059415911,408,113,1756,105.636455186304,24,7,101,2263.19234642497,622,202,2238,113.592145015106,27,9,110,695.211480362538,155,46,667,26.3293051359517,7,2,25
"2020-04-19",1650,375.5,100.75,1614.5,96.6767068273092,22.5,6,94.5,2313.56827309237,612.5,200.5,2279.25,103.751004016064,25,8,98.25,640.380522088353,140.5,41,598.5,23.8815261044177,6,2,23
"2020-04-20",1517.91967871486,346,91,1475.5,89.0612449799197,19,6,86,2350.44879518072,615,192.5,2314.25,95.5170682730924,22,8,91,589.759036144578,126,36,573.25,22.1495983935743,5,1,22
"2020-04-21",1399.46277665996,309,85.25,1366.25,81.986921529175,18,5,78.75,2374.4245472837,622,182.25,2342.75,88.5855130784708,22,7,82,544.343058350101,119.5,35,508,20.4235412474849,5,1,19
"2020-04-22",1288.80060422961,287,77,1257,75.6233635448137,17,5,75,2372.35750251762,612,173,2339,81.5206445115811,19,6,78,500.458207452165,108,31,473,18.8549848942598,4,1,19
"2020-04-23",1186.95060483871,262,69,1154.25,69.289314516129,15,4,68.25,2350.79637096774,596.5,175.75,2314.5,75.179435483871,18,6,74,462.206653225806,98,30,447.5,17.2469758064516,4,1,16
"2020-04-24",1090.66364551863,238,63,1055,64.3121852970796,14,4,62,2291.83081570997,566,135,2267,69.0624370594159,17,5,65,425.182275931521,92,26,415,15.8851963746224,4,1,15
"2020-04-25",1007.6622851365,217,58,960,59.3417593528817,13,3,56,2217.70576339737,547,145,2212,63.2376137512639,15,5,63,394.109201213347,80,24,382,14.7654196157735,3,1,15
"2020-04-26",924.305751765893,201,50,877.5,54.2240161453078,12,3,53.5,2093.2663975782,512,129.5,2062,58.6256306760848,14,4,57,361.560040363269,79,21,343,13.3562058526741,3,1,13
"2020-04-27",850.106962663976,176,45,787.5,50.1947527749748,11,3,46,1921.93743693239,460,74,1902.5,53.7497477295661,12,4,50.5,333.066599394551,71,20,313.5,12.393541876892,3,1,12
"2020-04-28",785.034447821682,162,41.5,748,46.4336372847011,10,3,45,1766.28368794326,430,76.5,1745.5,49.8176291793313,12,3,48,309.041540020263,64,18.5,300,11.4569402228977,3,1,11.5
"2020-04-29",719.638383838384,144,37,679.75,42.7979797979798,9,2,40,1610.23434343434,374,46.25,1589.75,45.4181818181818,11,3,44,282.360606060606,60,17,281,10.7191919191919,3,0,11
"2020-04-30",661.137235116044,132,32,619.5,39.0121089808274,9,2,36.5,1477.71241170535,335,37,1464,42.0332996972755,10,3,39.5,260.46316851665,55,14,242,9.64177598385469,2,0,9
"2020-05-01",608.877654196158,122,29,575,36.1425682507583,8,2,35,1363.28008088979,318,11,1361,38.7047522750253,9,3,38,240.872598584429,49,13,232,8.85136501516683,2,0,8
"2020-05-02",560.02024291498,110.5,25.75,529.25,33.335020242915,7,2,31,1250.72469635628,278,0,1246.75,35.9716599190283,8,2,36,222.025303643725,46,12,214,8.23279352226721,2,0,8
"2020-05-03",518.038696537678,100,24.25,488.25,31.040733197556,6.5,2,29,1154.3299389002,263.5,0,1166,33.2678207739308,8,2,32.75,205.644602851324,43,12,201.5,7.59368635437882,2,0,8
"2020-05-04",476.543788187373,93,21,449,28.3177189409369,6,2,27,1062.48879837067,234.5,0,1056,30.6201629327902,7.5,2,29.75,189.368635437882,40,10,178,7.05702647657841,2,0,7
"2020-05-05",438.142711518858,83,18,413,26.0968399592253,5,1,26,976.890927624873,211,0,990,28.4199796126402,7,2,27,174.613659531091,35,9,167,6.5249745158002,2,0,6
"2020-05-06",405.519507186858,78,16,388.5,24.235112936345,5,1,23,905.078028747433,196,0,911.5,26.0544147843943,6,2,26,161.974332648871,32,9,152,6.08726899383984,1,0,6
"2020-05-07",369.48016276704,68,14,349.5,22.0111902339776,5,1,21.5,822.110885045778,168,0,832.5,23.9450661241099,6,1,24,147.94506612411,30,8,136,5.53509664292981,1,0,5
"2020-05-08",341.400204708291,63,13,327,20.6120777891505,4,1,20,761.192425793245,157,0,765,21.9836233367451,5,1,22,137.073694984647,28,7,126,4.91914022517912,1,0,5
"2020-05-09",315.181069958848,58,11,303.25,19.0730452674897,4,1,19,699.17695473251,136,0,704.5,20.2026748971193,5,1,20,126.40329218107,25,7,122.25,4.76131687242798,1,0,5
"2020-05-10",289.741503604531,52,10,277.5,17.7198764160659,4,1,17,646.236869207003,134,0,649,18.615859938208,4,1,18,117.314109165808,24,6,110.5,4.44284243048404,1,0,4
"2020-05-11",268.554054054054,47,9,259.5,16.2889812889813,4,1,17,598.920997920998,121,0,612.5,17.54158004158,4,1,17,108.735966735967,23,6,103,4.07172557172557,1,0,4
"2020-05-12",250.071503680336,44,8,243,15.416403785489,3,1,16,552.082018927445,92,0,555,16.2334384858044,4,1,16,101.483701366982,21,5,99,3.7465825446898,1,0,3.5
"2020-05-13",228.917103882476,40,7,220,14.099685204617,3,1,14,506.422875131165,89,0,523,14.8205666316894,4,1,15,93.2004197271773,19,5,91,3.49737670514166,1,0,3
"2020-05-14",211.604232804233,36,6,208,12.9714285714286,3,1,14,471.861375661376,85,0,495,13.9460317460317,3,1,13,86.4772486772487,18,5,84,3.16931216931217,1,0,3
"2020-05-15",194.707627118644,32.5,6,186.5,12.2245762711864,3,1,12,431.233050847458,66.5,0,457.25,12.8993644067797,3,1,12,80.0148305084746,18,4,79.25,2.96927966101695,1,0,3
"2020-05-16",180.274261603376,30.5,6,176.25,11.120253164557,3,0,11,396.585443037975,60,0,417.25,11.8597046413502,3,1,11,101.505274261603,20,5,96.25,2.62869198312236,1,0,2.25
"2020-05-17",167.646934460888,29,5,162.75,10.2706131078224,2,0,10,372.215644820296,77,0,381.75,10.7684989429175,3,1,10,133.952431289641,27,7,128,2.48837209302326,0,0,2
"2020-05-18",154.680672268908,27,5,150.25,9.37289915966386,2,0,9,342.022058823529,74.5,0,353,9.92226890756302,2,0,10,165.459033613445,32,8,155.25,2.30042016806723,0,0,2
"2020-05-19",141.485981308411,24,4,136,8.51401869158878,2,0,9,311.688473520249,65,0,320,9.12357217030114,2,0,9,199.381100726895,37,9,189.5,2.06230529595016,0,0,2
"2020-05-20",131.877615062761,23.5,4,126.5,7.94874476987448,2,0,8,289.669456066946,60,0,297.75,8.4173640167364,2,0,8,243.577405857741,45,10,221,1.9152719665272,0,0,2
"2020-05-21",122.383983572895,21,4,119.75,9.83983572895277,2,0,10,263.197125256674,53.5,0,261.75,7.50924024640657,2,0,7,291.009240246407,49,11,269.75,1.82751540041068,0,0,2
"2020-05-22",120.244582043344,21,4,119,12.7481940144479,2,0,12,243.237358101135,52,0,239,7.04231166150671,2,0,6,356.450980392157,59,12,310,1.62022703818369,0,0,2
"2020-05-23",121.234326824255,21,4,121,16.141829393628,3,1,15,224.216855087359,49,0,221,6.31654676258993,1,0,6,430.001027749229,65,14,373,1.4398766700925,0,0,1
"2020-05-24",127.091375770021,22.5,4,123.75,19.5369609856263,4,1,18,207.086242299795,47.5,0,200.25,5.85318275154004,1,0,6,524.988706365503,78.5,16,443,1.3829568788501,0,0,1
"2020-05-25",137.62996941896,24,5,128,23.6625891946993,4,1,22,189.482161060143,42,0,181,5.38735983690112,1,0,5,634.141692150866,87,18,532,1.26503567787971,0,0,1
"2020-05-26",156.497430626927,27,5,144,29.4635149023638,5,1,27,176.477903391572,39,3,174,4.98972250770812,1,0,5,779.004110996917,106,21,647,1.16135662898253,0,0,1
"2020-05-27",179.59387755102,30,6,160,34.8948979591837,6,1,30,161.758163265306,36,4,157.25,4.6234693877551,1,0,5,941.715306122449,120,24.75,770.25,1.07040816326531,0,0,1
"2020-05-28",211.435532994924,34,6,187,42.4842639593909,6,1,36,148.404060913706,33,4,141,4.32690355329949,1,0,5,1144.43553299492,139,26,901,0.992893401015228,0,0,1
"2020-05-29",253.942190669371,38.5,7,222,51.7413793103448,7,1,43,136.851926977688,30,5,131.75,3.92697768762678,1,0,4,1389.97261663286,163.5,31,1091.25,0.926977687626775,0,0,1
"2020-05-30",309.891149542218,46,9,269,63.4760935910478,9,2,54,126.562563580875,27,5,120,3.58189216683622,1,0,3,1699.15462868769,196,36,1287.5,0.81586978636826,0,0,1
"2020-05-31",378.873096446701,55,10,320,77.3116751269036,11,2,63,116.534010152284,25,5,110,3.31065989847716,1,0,3,2066.89441624365,228,40,1577,0.77258883248731,0,0,1
"2020-06-01",462.67139959432,65.5,12.25,389.25,93.8813387423935,13,2,76.75,107.315415821501,23,5,101.75,3.14300202839757,1,0,3,2518.97363083164,261.5,46.25,1826.75,0.987829614604463,0,0,1
"2020-06-02",563.82995951417,79,14,465.5,114.568825910931,14,2,93,98.753036437247,21,4.75,91.75,2.88461538461538,0,0,3,3065.55870445344,298.5,52,2176,1.25202429149798,0,0,1
"2020-06-03",684.940404040404,92,17,551,138.063636363636,16,3,108.75,90.9333333333333,19,4,86,2.62525252525253,0,0,2,3728.40404040404,356.5,59,2559,1.61212121212121,0,0,1
"2020-06-04",837.100303951368,110,20,666.5,169.397163120567,21,3,127.5,84.1752786220871,17,4,82,2.44275582573455,0,0,3,4555.9493414387,420,68.5,3129.5,1.93313069908815,0,0,2
"2020-06-05",1021.20993914807,129.5,22,801.75,206.739350912779,24,4,158,77.6703853955375,16,4,76,2.22616632860041,0,0,2,5558.4878296146,496.5,78.5,3716,2.36105476673428,0,0,2
"2020-06-06",1239.07373737374,150.5,25.25,942,250.881818181818,27,4,185.75,71.3343434343434,15,4,70.75,2.08181818181818,0,0,2,6741.71111111111,554,86,4414.5,2.98282828282828,0,0,3
"2020-06-07",1513.41902834008,177,29,1140.5,306.496963562753,31,5,222.75,66.5890688259109,14,3,65,2.47874493927126,0,0,2,8220.93623481781,666,102,5316.5,3.4251012145749,0.5,0,3
"2020-06-08",1840.42626262626,205,33,1364,372.242424242424,37,6,261.5,62.9040404040404,13,3,63,3.33434343434343,1,0,3,9983.58888888889,770,113.25,6299.25,4.21414141414141,1,0,4
"2020-06-09",2237.26411290323,237,37.75,1616,452.027217741935,42,7,313.25,60.789314516129,12,3,60,4.17036290322581,1,0,4,12104.03125,880.5,128,7491.25,5.06048387096774,1,0,4
"2020-06-10",2728.94550958628,276,44.5,1927.5,552.351160443996,46,8,365.5,60.1261352169526,12,3,59.5,4.99293642785066,1,0,5,14711.4268415742,1033,156,9069.5,6.33703329969728,1,0,6
"2020-06-11",3321.75201612903,323,50.75,2302.25,672.303427419355,55,8.75,433.75,60.9495967741936,11,3,59,6.22479838709677,1,0,6,17810.3699596774,1191.5,176.5,10701,7.7429435483871,1,0,6
"2020-06-12",4042.4501510574,374,59,2739,817.255790533736,66,10,525,63.5961732124874,12,3,59,7.58912386706949,1,0,7,21524.332326284,1405,204,12857,9.22759315206445,1,0,7
"2020-06-13",4928.66633064516,439.5,68,3296.25,996.29435483871,78,12,637.5,68.3245967741936,12,3,63.25,9.21471774193548,1,0,8,26020.5322580645,1614,232.5,15442.75,11.4838709677419,1,0,9
"2020-06-14",6000.47883064516,514.5,79,3932,1209.5,87.5,13.75,754.25,75.1985887096774,13,3,68,11.1713709677419,2,0,9,31345.4243951613,1933,264.25,18643.5,13.8215725806452,2,0,11
"2020-06-15",7293.37562940584,597,92,4721,1467.27895266868,102,15,903,84.7764350453172,14,3,75,13.5448136958711,2,0,11,37581.8187311178,2243,309,22151,16.7945619335347,2,0,12
"2020-06-16",8867.3524672709,687,105,5703,1779.27291037261,120,17,1121,97.7019133937563,16,3,84,16.4612286002014,2,0,13,44949.1289023162,2620,358,26742,20.6273917421954,2,0,16
"2020-06-17",10758.6649899396,807,117,6788,2150.03822937626,143.5,20,1293.25,114.792756539235,18,4,96.75,20.4748490945674,3,0,16,53479.5301810865,3008.5,391.25,31841.5,24.9778672032193,3,0,18
"2020-06-18",13049.2162977867,946,134,8142.25,2595.16498993964,166.5,23,1532.25,136.169014084507,21,4,114,24.4859154929577,3,0,20,63367.1519114688,3562,458.25,38335.5,30.1659959758551,3,0,22
"2020-06-19",15807.2072434608,1096.5,155.25,9723.25,3128.75050301811,196,26,1867.25,163.197183098592,24,5,135.75,29.8923541247485,3,0,24,74694.9557344064,4207.5,528.5,45795,37.3008048289738,4,0,26.75
"2020-06-20",19111.4376257545,1287.5,181.5,11596.25,3755.32193158954,229.5,30,2220.25,196.471830985915,27.5,5,161,35.8993963782696,4,1,28,87449.8340040241,4979,609.25,54963,45.0814889336016,4,0,32
"2020-06-21",23027.3095477387,1497,203.5,13889.5,4485.22110552764,261,35,2642,238.139698492462,32,6,189,44.2894472361809,5,1,33,101614.867336683,5733,689.5,65470,54.8130653266332,5,1,37.5
"2020-06-22",27728.8802816901,1751,232.75,16635.5,5349.30181086519,309.5,39,3213.5,290.728370221328,37,7,233,54.5513078470825,6,1,41,117402.584507042,6807.5,790.25,78394.5,67.3581488933602,5,1,45.5
"2020-06-23",33218.056281407,2020,266.5,19987.5,6332.70251256281,355,47,3799,354.369849246231,43,8,275.5,66.008040201005,7,1,47,134326.424120603,7892,909,93104.5,81.6954773869347,6,1,51
"2020-06-24",39685.5035175879,2368,311.5,23985,7460.69145728643,418,51.5,4589,432.023115577889,51,9,329,80.1165829145729,8,1,59,152570.20201005,9169,1041,111068,98.8653266331658,7,1,62.5
"2020-06-25",47217.0462311558,2754,361.5,28657,8737.41105527638,479,61,5423.5,526.495477386935,60,10,391.5,97.7879396984925,10,1.5,67.5,171785.979899497,10730,1188.5,130737.5,120.936683417085,9,1,75
"2020-06-26",55913.335678392,3208,417.5,34225,10160.591959799,571,69.5,6498,641.658291457286,66,12,468,119.317587939698,11,1,83.5,191754.033165829,12510,1373.5,155178.5,146.228140703518,10,1,91.5
"2020-06-27",65867.1979899498,3748,472.5,40991,11729.5306532663,675,77.5,7766.5,782.299497487437,80,14,555.5,145.621105527638,12,2,95,212160.269346734,14637,1599.5,182376.5,177.992964824121,12,2,113
"2020-06-28",77158.3246231156,4412,548.5,49191.5,13438.959798995,787,92,9311,953.075376884422,93,16,674,176.973869346734,14,2,113,232800.364824121,17064,1824.5,214985.5,213.892462311558,14,2,128.5
"2020-06-29",89822.2773869347,5204,629.5,58665,15256.5376884422,902,104,10996.5,1161.28040201005,108,18,805.5,215.794974874372,18,2.5,142,253266.971859296,19815,2079,253043.5,259.552763819096,17,2,157
"2020-06-30",103871.613065327,6085,733,69664,17174.8904522613,1058,118.5,13124,1415.16783919598,127,21,972,263.079396984925,21,3,168,273378.782914573,22978,2384,297407,312.732663316583,20,2.5,187.5
"2020-07-01",119292.015075377,7127,834.5,83025.5,19171.9587939699,1244,136,15473.5,1722.96884422111,148,24.5,1154,318.922613065327,23,3,195.5,292821.232160804,27057,2707,346386.5,375.267336683417,24,3,217.5
"2020-07-02",136027.474371859,8352,955,99185,21220.6844221106,1451,159,18330,2096.30653266332,179,27,1387,386.850251256281,27,4,238,311419.43919598,31553,3142.5,402917.5,449.129648241206,26,3,264.5
"2020-07-03",153961.03919598,9699,1093,117522.5,23277.4994974874,1713,182.5,21509,2548.09145728643,210,31.5,1670,468.21608040201,34,4,287.5,328995.716582915,36410,3556.5,466048,534.304522613065,30,4,316
"2020-07-04",172950.895477387,11324,1249.5,138973,25322.4954773869,2008,204,25380.5,3094.20502512563,245,36,1983,566.568844221106,36,5,339.5,345510.369849246,42378,4117.5,536877,633.171859296482,37,5,383
"2020-07-05",192823.575879397,13134,1449.5,163858.5,27333.383919598,2293,238,29877,3753.92462311558,286,42,2354.5,684.179899497487,42,6,404.5,360735.938693467,49556,4725,611584,746.418090452261,44,5,459
"2020-07-06",213361.836180905,15336,1654,192088,29275.6623115578,2707,263,34653.5,4549.13869346734,334,50,2819.5,825.078391959799,48,7,494.5,374759.15879397,57421,5379,683602,873.354773869347,50,6,539
"2020-07-07",234353.627135678,18084,1906.5,226652,31152.3969849246,3170,311,40444.5,5502.14472361809,393,58.5,3369,988.869346733668,60,8,590.5,387554.102512563,66605,6177,728495.5,1016.88442211055,56,6,647
"2020-07-08",255527.710552764,21026,2180.5,266053,32903.6060301508,3642,350.5,46752.5,6642.61909547739,451,65,4015,1184.76884422111,67,9,683.5,399180.813065327,77233,7099,779242,1172.07336683417,64,8,779.5
"2020-07-09",276646.153768844,24436,2499,310562,34557.3949748744,4264,404.5,53824,7999.4743718593,526,75,4778.5,1411.35477386935,80,11,831,409654.922613065,89564,8003,795648.5,1343.18391959799,80,9,915
"2020-07-10",297471.290452261,28676,2847,360764,36081.6180904523,4970,473.5,61163.5,9606.42010050251,614,87,5755,1672.93266331658,98,12,1006.5,419021.364824121,103959,9249,792814.5,1525.37487437186,90,10,1098.5
"2020-07-11",317759.857286432,33251,3267.5,417107.5,37463.4512562814,5741,530,68399,11495.3376884422,726,97,6904,1969.04120603015,116,14,1205.5,427431.422110553,120106,10454.5,813244.5,1717.78391959799,106,12,1328
"2020-07-12",337353.967839196,38684,3724,479756.5,38766.0472361809,6687,605.5,72937,13704.583919598,837,112,8290.5,2307.02211055276,126,16,1455.5,434889.456281407,138647,12040,827439.5,1917.34170854271,125,13.5,1549.5
"2020-07-13",356064.416080402,44975,4270,549077.5,39931.1306532663,7826,709.5,78151,16268.5979899497,977,128,9968,2683.33768844221,151,17,1718.5,441494.6,160218,13783,852502.5,2120.47939698492,143,15,1868
"2020-07-14",373753.870351759,52585,4886,623255,40966.9547738693,9075,814,79380.5,19220.2603015075,1132,145.5,11933.5,3097.27638190955,175,20,2065.5,447257.8,183986,15605.5,856028,2329.74472361809,168,19,2159
"2020-07-15",390337.273366834,61075,5576.5,701412.5,41905.8914572864,10455,911,79256,22590.3798994975,1337,169,14354.5,3547.09849246231,206,24,2444.5,452303.023115578,210209,17638.5,850564,2531.44623115578,201,21,2506.5
"2020-07-16",405752.447236181,70819,6412.5,777541,42748.5467336683,11965,1045.5,81336,26403.0532663317,1571,193,17177.5,4028.45728643216,246,27.5,2895.5,456640.664321608,230705,20035.5,827411.5,2731.26633165829,239,24,2944
"2020-07-17",419964.089447236,81745,7359,822595,43487.2713567839,13948,1209,82918.5,30673.2020100503,1814,224.5,20513,4533.22713567839,280,30.5,3451.5,460240.753768844,250050,22968.5,840888,2926.99095477387,274,27,3494
"2020-07-18",432960.154773869,94485,8353.5,877532,44148.440201005,15956,1371.5,85061.5,35414.5768844221,2137,254.5,24383,5060.30854271357,327,35,4076.5,463267.790954774,251372,26301.5,860222.5,3114.63316582915,320,31,4015.5
"2020-07-19",444779.098492462,109147,9535,894555,44722.5567839196,18437,1562,85490.5,40631.2834170854,2496,295,28985,5603.54572864322,375,41,4844,465609.540703518,263478,30226,874986.5,3291.35075376884,372,36.5,4639
"2020-07-20",455457.739698492,125984,10895,890362.5,45236.0281407035,21029,1761.5,84957.5,46308.4412060301,2917,337,34586.5,6145.37386934673,440,46.5,5665.5,467341.203015075,278105,34487.5,895293,3455.09949748744,420,40,5317.5
"2020-07-21",465030.984924623,145302,12474.5,913163,45654.8633165829,23125,2035.5,82853.5,52427.6462311558,3411,386.5,40837,6685.77386934673,528,53.5,6682.5,468439.976884422,282579,39638.5,898492,3610.26231155779,521,48,6146
"2020-07-22",473590.044221106,167182,14353,935402,46022.5035175879,24680,2312,83793.5,58959.3457286432,3988,439.5,48346,7215.87939698492,632,62,7887,469001.315577889,279984,45217,904312,3743.4391959799,582,51,6874
"2020-07-23",481142.43718593,192220,16281.5,946513,46318.432160804,25191,2613,85979,65862.6633165829,4671,506.5,56827,7728.3959798995,718,70.5,9206.5,468999.316582915,278925,52269,873584,3877.27738693467,661,64,7353.5
"2020-07-24",487774.941708543,220194,18555,958223.5,46563.6331658291,26249,3050,87603,73101.0512562814,5444,581.5,66579.5,8227.25728643216,848,83.5,10591,468390.411055276,278580,58387,877604.5,3999.2743718593,789,71.5,7883.5
"2020-07-25",493541.605025126,250391,21077.5,939280,46733.5959798995,27992,3432.5,89393,80602.2914572864,6328,671.5,78423.5,8686.00904522613,975,94.5,12417.5,467278.995979899,267891,63069.5,847282,4095.35477386935,902,79.5,7951.5
"2020-07-26",498477.228140704,277398,24046.5,925702,46841.5216080402,28217,3951,89882,88318.8211055276,7409,765,91839,9127.88442211055,1136,107.5,14205,465717.446231156,282051,67766.5,816310,4188.69447236181,1038,92.5,7922
"2020-07-27",502628.783919598,297211,27455.5,935298.5,46900.0864321608,27905,4564,90625,96170.064321608,8617,860.5,107168.5,9524.17587939699,1315,124.5,16168.5,463737.76281407,288405,69796,831669,4271.78994974874,1192,106.5,8133.5
"2020-07-28",506031.795979899,302035,31669,950196.5,46890.2763819095,27853,5271,87517.5,104092.736683417,10101,993.5,124455.5,9891.7135678392,1556,144,18112,461388.421105528,292830,74450,835218,4346.73266331658,1397,124,8287
"2020-07-29",508729.149748744,314266,36298.5,972438,46845.775879397,27769,5805.5,87645,112024.001005025,11786,1144,143630.5,10238.2864321608,1761,160.5,19255,458696.336683417,292375,75591.5,852171,4413.39698492462,1632,137,8480.5
"2020-07-30",510728.056281407,330638,41592.5,977932,46721.4582914573,27051,6343.5,84802,119880.974874372,13683,1327,164989.5,10540.3115577889,2058,189.5,20633.5,455572.351758794,293701,70076.5,843185,4472.43819095477,1836,160.5,8570
"2020-07-31",512054.343718593,334373,47622,986845,46562.3115577889,28208,6722.5,81703.5,127599.295477387,15767,1497,188328.5,10815.5969849246,2399,208,20847.5,452371.191959799,296997,70313.5,820771,4523.01005025126,2101,181.5,8457.5
"2020-08-01",512776.933668342,330416,54458.5,996917.5,46377.456281407,28863,7048.5,83104,135117.821105528,18267,1719.5,213714.5,11065.624120603,2775,248,21022.5,448910.256281407,294434,70107.5,808850,4566.97688442211,2302,208,8250
"2020-08-02",512888.656281407,332661,62808.5,967346,46134.264321608,29204,7438.5,83386,142376.164824121,21094,1977,240740,11286.8010050251,3136,284,21440,445252.949748744,298595,68283,785465,4605.05929648241,2467,233.5,8426.5
"2020-08-03",512450.657286432,331243,69583,967592.5,45880.4040201005,29200,7607.5,85179,149324.649246231,24419,2262.5,268611.5,11481.7115577889,3709,325,21855,441499.690452261,289605,65577.5,785152.5,4632.76180904523,2560,264.5,8645.5
"2020-08-04",511451.426130653,316439,75989.5,935441.5,45564.4572864322,29330,6991,84083,155921.27638191,28414,2577,297945,11656.935678392,4237,360.5,22440,437617.289447236,277054,61805.5,780456.5,4654.41809045226,2646,302,8787.5
"2020-08-05",509958.499497487,329473,82151.5,908931.5,45240.6633165829,29576,6999.5,81895.5,162125.765829146,32840,2964,325716.5,11808.0351758794,4887,414,22715.5,433657.720603015,276034,61804.5,777466,4673.37487437186,2804,356,8972.5
"2020-08-06",508012.941708543,337505,84687.5,912487.5,44895.967839196,29434,7070.5,81063.5,167921.667336683,37971,3388.5,346920.5,11941.2753768844,5512,464.5,22352.5,429509.863316583,276082,57348.5,778538,4687.4,2843,396.5,9008
"2020-08-07",505647.634170854,343266,88270,921985,44534.7778894472,29850,6830,78719.5,173286.677386935,43905,3894,360738,12050.783919598,6080,553.5,21890.5,425243.60201005,282533,55150,772659,4691.65829145729,2781,456,9040
"2020-08-08",502906.291457286,345186,91764,933389.5,44148.951758794,29013,6550.5,78742,178216.405025126,50624,4453,368586.5,12145.6070351759,6557,609.5,22106.5,420904.613065327,285290,52498.5,750165.5,4690.19296482412,2764,533.5,8723.5
"2020-08-09",499823.016080402,347794,83472,922366,43762.4994974874,27847,6201.5,78014,182715.913567839,58460,5080,372802,12227.9045226131,6633,700.5,22703.5,416488.687437186,276940,50744,743109,4681.61306532663,2774,595,8692
"2020-08-10",496466.987939699,346114,85747,905963.5,43365.4422110553,27511,6198,77754.5,186776.771859296,67263,5778,375470,12288.1155778894,6986,815,23196,411870.891457286,260535,48833.5,734500.5,4672.6472361809,2709,634.5,8466.5
"2020-08-11",492862.419095477,341635,84133,894191.5,42957.7417085427,27681,5751,77790,190420.107537688,76736,6593,380444.5,12329.3447236181,7404,934.5,23628,407102.826130653,251187,46970,741064,4656.86331658291,2834,677.5,8161
"2020-08-12",488991.508542714,345696,81261,863802.5,42506.5899497487,28392,5445.5,76920.5,193661.652261307,87624,7503,387119.5,12369.4291457286,7458,1048,23715,402206.412060302,242605,43829.5,741581.5,4642.89949748744,2906,698,8283
"2020-08-13",484939.255276382,341189,78982,871736.5,42081.9798994975,28543,5244,74830.5,196515.858291457,100376,8526.5,392636.5,12378.3819095477,7336,1214.5,23965,397121.251256281,231456,42743.5,735244.5,4613.93969849246,2887,729.5,8420.5
"2020-08-14",480714.291457286,326458,74517.5,853625.5,41655.4924623116,27474,5121,74168.5,199010.706532663,113542,9729.5,385067,12386.5618090452,7375,1390,23127,391791.937688442,229364,38773,746412,4588.88040201005,2928,759.5,8494
"2020-08-15",476323.281407035,318804,73361,858703.5,41173.4412060301,25946,4898.5,73413,201140.349748744,125073,11186,380923,12367.9296482412,7327,1546,23144.5,386260.394974874,229639,36673.5,744893.5,4554.48442211055,2945,715.5,8399
"2020-08-16",471795.379899497,324373,69101.5,855924,40712.8261306533,25147,4643.5,74293,202929.2,133721,12878,383841,12329.1618090452,7172,1684.5,22442,380541.284422111,213032,34617,717700.5,4523.61909547739,2976,705.5,8210
"2020-08-17",467113.794974874,329245,66299,849366.5,40214.4663316583,24294,4401,73781.5,204404.383919598,136975,14666,385250.5,12290.7809045226,7434,1789,21554.5,374602.314572864,200330,33169.5,714256.5,4493.42211055276,2920,702.5,8086
"2020-08-18",462296.206030151,333865,62188,834439,39717.1407035176,23301,4266.5,73561,205587.957788945,142013,16724.5,394562,12249.1979899497,7634,1867,21925,368428.946733668,191982,31040,706419.5,4451.66633165829,2983,677,7814
"2020-08-19",457322.971859296,322919,61308.5,818752,39175.8170854271,23089,3908,74626,206478.67638191,148562,19191.5,394202.5,12177.5195979899,7700,1933.5,22076.5,362009.009045226,183125,29993,680744,4413.92763819095,2858,656.5,7937.5
"2020-08-20",452192.60201005,305153,57792,813900,38632.1507537688,22814,3658,74451,207107.165829146,150700,22144.5,397236.5,12110.2010050251,7729,2002,22441,355363.320603015,170541,27384,667610.5,4374.55175879397,2770,627,7803.5
"2020-08-21",446891.057286432,295474,55849.5,813321.5,38063.9366834171,21397,3499,72067.5,207480.35879397,147704,25354.5,402592.5,12030.1286432161,7774,1841.5,22142,348504.80201005,160768,25361.5,663703,4338.47638190955,2740,610.5,7832.5
"2020-08-22",441398.651256281,282909,52934.5,812412,37465.4,20061,3310,71499,207612.821105528,148587,28891.5,392803,11940.4974874372,7849,1847.5,21631.5,341421.520603015,147826,23407.5,648491,4294.25125628141,2761,577.5,7741.5
"2020-08-23",435746.079396985,268884,51266.5,816684,36854.1929648241,19226,3091,70674,207520.089447236,147640,31595.5,390392,11848.543718593,7713,1850.5,21355,334104.23718593,140806,21344.5,636725.5,4251.39396984925,2803,552,7664.5
"2020-08-24",429866.744723618,269457,46797.5,818030.5,36202.6552763819,18402,3018,68272,207226.392964824,141112,34827.5,377698.5,11757.0874371859,7818,1824,20740,326642.457286432,129861,18816.5,635090,4207.82211055276,2855,527.5,7459.5
"2020-08-25",423754.127638191,266503,43901,817620,35542.9939698492,17092,2780,66727,206734.052261307,146739,38264.5,370120,11653.2663316583,7649,1756,20848,319066.281407035,119202,16850,610967.5,4168.5256281407,2846,506.5,7432
"2020-08-26",417436.812060301,252074,41494,791773.5,34856.2894472362,16055,2500.5,66464.5,206058.454271357,150294,38942.5,366423,11552.3065326633,7378,1646,20573.5,311315.206030151,110176,15121.5,607616.5,4117.35778894472,2598,488,7331
"2020-08-27",410869.054271357,234649,39761,788302,34145.2040201005,14741,2340,64825.5,205220.038190955,150959,40113.5,372357.5,11449.6994974874,7303,1640.5,20550,303468.63919598,101367,13516,581467,4074.0351758794,2525,462,7443.5
"2020-08-28",404057.449246231,223991,37131,773155.5,33402.808040201,14076,2120.5,63576,204229.086432161,151944,42282,374335,11338.3929648241,7250,1519,20404.5,295606.984924623,97632,12858,558637.5,4022.46834170854,2439,437,7389
"2020-08-29",397000.139698492,216588,35919,754229,32660.0110552764,12873,1912,63743.5,203079.767839196,152271,38486.5,375422,11220.1105527638,7497,1432,20315,287650.254271357,96898,11291,527021.5,3971.5135678392,2365,412.5,7354.5
"2020-08-30",389724.212060302,201100,32984.5,740054,31900.0663316583,11803,1696,61539,201811.111557789,152752,39418.5,366586.5,11109.7256281407,7506,1359.5,19802.5,279732.431155779,91939,9696,505230,3919.13165829146,2294,396.5,7474.5
"2020-08-31",382212.806030151,190174,30168,737051,31120.8291457286,10979,1514,60853,200421.105527638,151941,38274.5,362659,10996.5557788945,7300,1327,19645.5,271765.223115578,88477,8489,483079.5,3863.71055276382,2271,371.5,7402
"2020-09-01",374494.346733668,173356,28038.5,722064,30345.6361809045,10204,1361,57922,198921.415075377,150233,37432.5,352267.5,10868.2391959799,6862,1257.5,19449.5,263922.506532663,82041,7533,460615.5,3806.25829145729,2139,356,7196.5
"2020-09-02",366587.108542714,164066,25619,705072.5,29558.3497487437,9687,1271,55899.5,197340.349748744,150555,36470.5,352665.5,10748.0964824121,6635,1215.5,19519,256170.51758794,80000,6471,448052.5,3745.25427135678,1996,330,7141.5
"2020-09-03",358496.950753769,153293,22684.5,699400.5,28764.1226130653,9697,1086,52621.5,195668.104522613,143647,34485,345742.5,10618.535678392,6479,1163,19550,248474.855276382,76086,5646.5,426019.5,3685.3256281407,1926,307,7055
"2020-09-04",350272.16281407,141343,20073,683180.5,27978.1125628141,9219,981,50624,193905.959798995,140545,33198,352705.5,10487.0532663317,6130,1149.5,19441,240893.062311558,68738,4971,407100,3622.12060301508,1807,296,6773.5
"2020-09-05",341902.573869347,129612,17957.5,671397.5,27173.6442211055,8787,853,48235,192072.045226131,142990,31830.5,347496,10343.6050251256,6084,1039.5,19845,233449.9959799,66015,4334.5,383446,3552.97688442211,1690,281,6746.5
"2020-09-06",333443.996984925,119796,16350,650181.5,26397.8040201005,8169,732.5,46114.5,190163.527638191,144796,30354,346077,10201.6834170854,6053,963,19577.5,226188.902512563,59570,3778.5,365785,3487.77889447236,1605,255.5,6628
"2020-09-07",324916.870351759,114448,15344.5,624942.5,25618.5969849246,7935,635.5,44867.5,188186.512562814,144865,28705.5,341200.5,10053.1135678392,5673,922,19021,219068.367839196,54894,3265,335864.5,3413.44824120603,1475,236.5,6449.5
"2020-09-08",316370.214070352,112997,13499,589451.5,24855.9407035176,7686,553.5,42648.5,186139.462311558,140033,28175.5,335938,9893.4472361809,5321,873,18932,212133.559798995,48511,2922,331972.5,3339.50653266332,1408,221,6313.5
"2020-09-09",307793.470351759,109540,11788.5,567675,24083.6522613065,6978,490,40542,184016.407035176,135730,26112,332943,9728.8351758794,5071,810.5,18598,205364.168844221,43037,2491.5,321369.5,3265.74673366834,1289,189.5,6357.5
"2020-09-10",299238.101507538,103614,10283.5,543461.5,23345.0924623116,6583,425,38126,181824.891457286,130621,25564,329859.5,9562.22512562814,4823,801.5,18025,198835.577889447,38005,2263.5,304895.5,3186.55979899497,1181,173.5,6215
"2020-09-11",290731.446231156,96350,8953,523944,22614.3447236181,5951,375,36619,179554.028140704,126109,24387,328706.5,9382.40301507538,4501,734.5,17676,192478.601005025,33328,1905,283603.5,3111.09748743719,1101,154,6063
"2020-09-12",282290.538693467,94714,7802,506285,21904.9306532663,5528,325,33510.5,177200.226130653,118157,23200.5,335254,9201.28140703518,4287,662,17640.5,186314.353768844,29682,1693,268322,3036.00301507538,1025,133.5,5847.5
"2020-09-13",273949.157788945,89128,6798,478578,21217.0783919598,4894,280,33364,174768.684422111,118930,21370,331459.5,9015.38090452261,3878,608.5,17171.5,180309.51758794,26033,1464,265146,2956.65326633166,971,120.5,5581
"2020-09-14",265721.714572864,79980,5989.5,460770.5,20537.0572864322,4331,244.5,32035.5,172247.359798995,116258,20033,330249,8817.06834170854,3716,562.5,16810,174518.930653266,23006,1281.5,250134.5,2877.1256281407,967,106,5293.5
"2020-09-15",257623.702512563,78286,5200.5,434998.5,19880.2793969849,3782,220,30335,169648.153768844,112500,19105,323293.5,8623.86934673367,3377,515.5,16805.5,168928.118592965,20422,1089,232628.5,2795.30552763819,941,101,5038.5
"2020-09-16",249695.681407035,69474,4534.5,416508,19245.8944723618,3332,189.5,28516,166957.524623116,104788,17918.5,322765.5,8419.51457286432,3098,461.5,16256.5,163552.982914573,17742,949,212081,2718.07035175879,849,80.5,4853
"2020-09-17",241928.650251256,64824,3972.5,384339,18630.7738693467,2958,160.5,26850,164180.779899497,98297,16918.5,315956.5,8219.56582914573,2916,402.5,16053.5,158307.196984925,15917,843.5,194370,2637.77487437186,810,72,4636.5
"2020-09-18",234340.892462312,57822,3484.5,375723.5,18031.2854271357,2595,142.5,26241,161320.771859296,94914,16380,307927.5,8008.45125628141,2734,369.5,15214.5,153233.695477387,13934,733,182720,2562.33969849246,803,60,4479
"2020-09-19",226938.035175879,51287,3052.5,364525.5,17453.5407035176,2320,124.5,24901.5,158379.48241206,88899,15266.5,302246.5,7805.60201005025,2562,329.5,14663,148364.705527638,12386,650,174179.5,2484.98894472362,775,56,4244
"2020-09-20",219748.179899497,45209,2649,345115.5,16893.4894472362,2019,105,23225,155350.873366834,84483,13848.5,300959.5,7592.03718592965,2518,292,13937.5,143614.518592965,10900,545.5,157577,2408.51256281407,716,48.5,4075.5
"2020-09-21",212754.872361809,39744,2305.5,326307.5,16352.0623115578,1806,94.5,21065.5,152242.972864322,77020,12715.5,296989,7381.71859296482,2429,258,13308,139034.601005025,9435,492.5,141554.5,2334.07336683417,642,43.5,3782
"2020-09-22",205975.03718593,34838,2019,306937,15834.8070351759,1579,80.5,19390.5,149064.577889447,72909,11795,287856,7171.53567839196,2324,229,12746.5,134589.087437186,8401,419,129041.5,2261.94170854271,602,37.5,3688
"2020-09-23",199397.206030151,30832,1761.5,302447,15327.3075376884,1387,72,18424,145839.357788945,68274,10527,287436.5,6969.37889447236,2123,191.5,12124.5,130257.135678392,7396,359,115154,2188.32663316583,532,32.5,3371.5
"2020-09-24",193014.644221106,27277,1518,283639.5,14834.632160804,1227,62.5,17541.5,142543.979899497,63202,9267.5,282601,6762.52261306533,2094,163,11834.5,126016.728643216,6486,314,104176,2124.62110552764,485,27.5,3340.5
"2020-09-25",186841.55678392,24351,1319,267933.5,14364.2351758794,1079,54.5,15752.5,139212.634170854,58000,8298.5,276070.5,6563.49648241206,2033,148.5,11316,121929.407035176,5772,289.5,93189,2055.23115577889,425,24,3180.5
"2020-09-26",180861.52160804,21547,1153,244203,13900.2311557789,942,47,14213,135840.598994975,54237,7493,270030.5,6359.97286432161,1836,130.5,10721.5,117909.538693467,5030,241,83344,1986.33668341709,378,21,3041
"2020-09-27",175074.990954774,19001,994.5,222953.5,13459.6924623116,829,43,12889,132444.44321608,51635,6822,259421.5,6165.5256281407,1728,109.5,10030.5,113948.547738693,4462,210,76562.5,1926.42110552764,338,20,2879
"2020-09-28",169470.684422111,16770,846.5,212186.5,13026.7175879397,733,37,11649.5,129031.261306533,50496,6276,246597,5968.29346733668,1579,107,9718.5,110100.891457286,3926,181,68684.5,1864.03015075377,288,16,2692
"2020-09-29",164040.511557789,14805,734.5,200860,12601.4371859296,654,30.5,10365.5,125608.729648241,49087,5479,236249,5779.85326633166,1429,83.5,8938.5,106300.407035176,3474,154,61402.5,1805.30050251256,250,14,2601.5
"2020-09-30",158779.315577889,12999,661.5,182634.5,12192.2904522613,568,28.5,9321,122197.635175879,45228,4764.5,228284,5603.1216080402,1262,75.5,8726,102550.269346734,2979,139.5,54997.5,1746.36984924623,229,12,2470
"2020-10-01",153675.442211055,11483,566,164315,11789.7005025126,511,23,8398,118795.219095477,42834,4151.5,219074,5422.97788944724,1146,63.5,8457,98840.7768844221,2698,121.5,49294,1687.97286432161,195,10,2324
"2020-10-02",148706.867336683,10011,475.5,149653.5,11391.8984924623,440,21,7626,115414.536683417,42333,3641.5,209694.5,5251.22914572864,1001,58,8034,0,0,0,0,1633.65025125628,177,9,2077.5
"2020-10-03",144167.413897281,8914,420,134740,11028.0271903323,396,20,7011,112295.346424975,40079,3262,202471,5091.17824773414,895,52,7638,0,0,0,0,1585.66062437059,156,8,1956
"2020-10-04",139459.094662638,7819,353,121296,10649.4612286002,350,16,6272,108989.345417925,35987,2850,195347,4928.08962739174,774,45,7126,0,0,0,0,1535.71198388721,142,8,1867
"2020-10-05",135007.352822581,6885.5,300,110020,10287.8669354839,303,15,5654.5,105840.324596774,35401,2504.5,186555.5,4772.51310483871,680.5,37,7005.25,0,0,0,0,1488.67338709677,123,6,1758.25
"2020-10-06",130909.082912032,6132,273,101815,9943.85338725986,275,12,5137,102933.956521739,32771,2225,178751,4631.24165824065,634,34,6575,0,0,0,0,1445.78260869565,109,6,1643
"2020-10-07",117268.540567951,5176.5,225.75,88809.25,0,0,0,0,100083.309330629,29979.5,1948.5,168059.75,4500.97565922921,549.5,31,6205.5,0,0,0,0,1403.761663286,100,6,1476.75
"2020-10-08",103269.304040404,4272,163.25,74078.75,0,0,0,0,96592.4383838384,26433.5,1659.25,159241.75,4338.03131313131,485.5,25,5636.5,0,0,0,0,1350.32525252525,85.5,5,1300
"2020-10-09",90913.517311609,3632,150.5,63051,0,0,0,0,94348.3584521385,23730.5,1493,158462.75,4234.73319755601,434,24.25,5403.75,0,0,0,0,1321.07026476578,78.5,4,1242.25
"2020-10-10",78068.3458799593,2943,121,51820.5,0,0,0,0,91298.7670396745,20970,1286.5,151687,4098.77212614446,393,21,5039.5,0,0,0,0,1274.55747711088,69,3,1078
"2020-10-11",66336.5133470226,2487,94.5,42375,0,0,0,0,89226.4414784394,19267.5,1152.5,145284.5,3998.7977412731,354,19,4913.25,0,0,0,0,1246.16735112936,65,4,1017.75
"2020-10-12",54407.4259259259,1918.5,74.5,33453.5,0,0,0,0,86570.0802469136,17221.5,1010.75,138677.75,3881.75,313.5,17,4501.75,0,0,0,0,1205.30967078189,56,3,893
"2020-10-13",42880.7358101135,1485,51,25277,0,0,0,0,84085.4747162023,15423,875,136102,3768.89989680083,287,16,4050,0,0,0,0,1172.32301341589,52,3,826
"2020-10-14",31846.3465140479,1075,38,18655,0,0,0,0,82078.2060353798,14205,829,127293,3675.55775234131,264,14,3762,0,0,0,0,1139.90946930281,46,2,778
"2020-10-15",20888.5620437956,684,25,11749,0,0,0,0,79633.0114702815,12593,709,123025.5,3572.59541188738,242,13,3441,0,0,0,0,1101.98331595412,44,2,697.5
"2020-10-16",10326.1848739496,330.5,11,5571.25,0,0,0,0,77641.6155462185,11780.5,566.25,119649.75,3476.11659663866,213.5,13,3167.25,0,0,0,0,1072.60504201681,38,2,636
"2020-10-17",0,0,0,0,0,0,0,0,75384.7618545838,10555,410,114378,3373.75131717597,195,11,2890,0,0,0,0,1037.6195995785,34,2,563
"2020-10-18",0,0,0,0,0,0,0,0,73434.394485684,9857,460.5,105755,3284.42841993637,181,11,2622,0,0,0,0,0,0,0,0
"2020-10-19",0,0,0,0,0,0,0,0,72199.6767241379,9308,317,101679.25,3224.91487068966,182.5,10,2389.25,0,0,0,0,0,0,0,0
"2020-10-20",0,0,0,0,0,0,0,0,71421.2995594714,9210.5,475.75,97116.5,3185.96145374449,163.5,11,2267.5,0,0,0,0,0,0,0,0
"2020-10-21",0,0,0,0,0,0,0,0,68642.3085339168,7864,243.75,88273.5,3052.22757111597,147,9,1985.25,0,0,0,0,0,0,0,0
"2020-10-22",0,0,0,0,0,0,0,0,67740.6238839286,7660.5,248.25,81531.25,3006.27901785714,142,9,1819,0,0,0,0,0,0,0,0
"2020-10-23",0,0,0,0,0,0,0,0,65381.8407572383,6673.5,130,73474.5,2888.59354120267,126.5,8,1600,0,0,0,0,0,0,0,0
"2020-10-24",0,0,0,0,0,0,0,0,65080.9027611044,8769,0,79878,0,0,0,0,0,0,0,0,0,0,0,0
"2020-10-25",0,0,0,0,0,0,0,0,59415.7083333333,7109,0,68590.75,0,0,0,0,0,0,0,0,0,0,0,0
"2020-10-26",0,0,0,0,0,0,0,0,54656.7718040621,6475,0,61782,0,0,0,0,0,0,0,0,0,0,0,0
"2020-10-27",0,0,0,0,0,0,0,0,50291.7072289157,5933,0,55602.75,0,0,0,0,0,0,0,0,0,0,0,0
"2020-10-28",0,0,0,0,0,0,0,0,47071.8569651741,6149.5,0,52548,0,0,0,0,0,0,0,0,0,0,0,0
"2020-10-29",0,0,0,0,0,0,0,0,42648.3304130163,5298,0,45801,0,0,0,0,0,0,0,0,0,0,0,0
"2020-10-30",0,0,0,0,0,0,0,0,38972.6914212548,5095,0,42426,0,0,0,0,0,0,0,0,0,0,0,0
"2020-10-31",0,0,0,0,0,0,0,0,35146.3908496732,4419,0,38070,0,0,0,0,0,0,0,0,0,0,0,0
"2020-11-01",0,0,0,0,0,0,0,0,31031.1505944518,3803,0,33062,0,0,0,0,0,0,0,0,0,0,0,0
"2020-11-02",0,0,0,0,0,0,0,0,26658.8982826948,3137,0,27393,0,0,0,0,0,0,0,0,0,0,0,0
"2020-11-03",0,0,0,0,0,0,0,0,22546.3253652058,2540,0,22260,0,0,0,0,0,0,0,0,0,0,0,0
"2020-11-04",0,0,0,0,0,0,0,0,18588.3943850267,2071,0,17668.25,0,0,0,0,0,0,0,0,0,0,0,0
"2020-11-05",0,0,0,0,0,0,0,0,15030.5771349862,1662.5,0,14030,0,0,0,0,0,0,0,0,0,0,0,0
