county,date,allbed_mean,allbed_lower,allbed_upper,ICUbed_mean,ICUbed_lower,ICUbed_upper,InvVen_mean,InvVen_lower,InvVen_upper,admis_mean,admis_lower,admis_upper,newICU_mean,newICU_lower,newICU_upper,bedover_mean,bedover_lower,bedover_upper,icuover_mean,icuover_lower,icuover_upper,deaths_mean,deaths_lower,deaths_upper,totdea_mean,totdea_lower,totdea_upper,deaths_mean_smoothed,deaths_lower_smoothed,deaths_upper_smoothed,totdea_mean_smoothed,totdea_lower_smoothed,totdea_upper_smoothed,mobility_data_type,mobility_composite,total_tests_data_type,total_tests,confirmed_infections,est_infections_mean,est_infections_lower,est_infections_upper
California,2020-02-04,0,0,0,0,0,0,0,0,0,0,0,0,0,0,0,0,0,0,0,0,0,0,0,0,0,0,0,2.64843909220408e-05,2.64843909220408e-05,2.64843909220408e-05,4.64245843472635e-05,4.64245843472635e-05,4.64245843472635e-05,"",,observed,6.12864874231219,0,0.588891050145907,0.288254343885337,1.00527012422474
California,2020-02-05,0,0,0,0,0,0,0,0,0,0,0,0,0,0,0,0,0,0,0,0,0,0,0,0,0,0,0,3.5176341714523e-05,3.5176341714523e-05,3.5176341714523e-05,8.16009260617865e-05,8.16009260617865e-05,8.16009260617865e-05,"",,observed,6.89522700937956,0,0.782054943259239,0.382792230348899,1.34000910305129
California,2020-02-06,0,0,0,0,0,0,0,0,0,0,0,0,0,0,0,0,0,0,0,0,0,0,0,0,0,0,0,4.67209226179105e-05,4.67209226179105e-05,4.67209226179105e-05,0.000128321848679697,0.000128321848679697,0.000128321848679697,"",,observed,7.66961819158286,0,1.03857820227522,0.509591881630116,1.77595750902402
California,2020-02-07,0,0,0,0,0,0,0,0,0,0,0,0,0,0,0,0,0,0,0,0,0,0,0,0,0,0,0,6.2054346201521e-05,6.2054346201521e-05,6.2054346201521e-05,0.000190376194881218,0.000190376194881218,0.000190376194881218,"",,observed,8.46425319928848,0,1.37924292728012,0.67565344692186,2.36125628755566
California,2020-02-08,0,0,0,0,0,0,0,0,0,0,0,0,0,0,0,0,0,0,0,0,0,0,0,0,0,0,0,8.242008370171e-05,8.242008370171e-05,8.242008370171e-05,0.000272796278582928,0.000272796278582928,0.000272796278582928,observed,-0.841100879657308,observed,9.29061293072518,0,1.83164772156722,0.897307660909203,3.14190502673499
California,2020-02-09,0,0,0,0,0,0,0,0,0,0,0,0,0,0,0,0,0,0,0,0,0,0,0,0,0,0,0,0.000109469705373431,0.000109469705373431,0.000109469705373431,0.000382265983956359,0.000382265983956359,0.000382265983956359,observed,-0.656564313427676,observed,10.1572514229838,0,2.43244346266252,1.19165115500047,4.18522224832211
California,2020-02-10,0,0,0,0,0,0,0,0,0,0,0,0,0,0,0,0,0,0,0,0,0,0,0,0,0,0,0,0.000145396816037819,0.000145396816037819,0.000145396816037819,0.000527662799994178,0.000527662799994178,0.000527662799994178,observed,-0.365216657118008,observed,11.0696200945861,0,3.23030238121668,1.57874174888748,5.57502150475131
California,2020-02-11,0,0,0,0,0,0,0,0,0,0,0,0,0,0,0,0,0,0,0,0,0,0,0,0,0,0,0,0.000193114947476353,0.000193114947476353,0.000193114947476353,0.000720777747470531,0.000720777747470531,0.000720777747470531,observed,-0.0299061270495891,observed,12.0327012411948,1.00000000000001,4.2898609607758,2.09091052466313,7.42593113685902
California,2020-02-12,0,0,0,0,0,0,0,0,0,0,0,0,0,0,0,0,0,0,0,0,0,0,0,0,0,0,0,0.000256493834053517,0.000256493834053517,0.000256493834053517,0.000977271581524048,0.000977271581524048,0.000977271581524048,observed,0.285686609659134,observed,13.0557511926669,0,5.69552488031521,2.76858567729894,9.88153037858395
California,2020-02-13,0,0,0,0,0,0,0,0,0,0,0,0,0,0,0,0,0,0,0,0,0,0,0,0,0,0,0,0.000340673232605702,0.000340673232605702,0.000340673232605702,0.00131794481412975,0.00131794481412975,0.00131794481412975,observed,0.527736663604664,observed,14.1561835888903,1,7.55045679656634,3.66215716298281,13.0651711788993
California,2020-02-14,0,0,0,0,0,0,0,0,0,0,0,0,0,0,0,0,0,0,0,0,0,0,0,0,0,0,0,0.0004524797361765,0.0004524797361765,0.0004524797361765,0.00177042455030625,0.00177042455030625,0.00177042455030625,observed,0.668155212088259,observed,15.3590176310998,0,9.98323070535989,4.83853151572884,17.2254966989831
California,2020-02-15,0,0,0,0,0,0,0,0,0,0,0,0,0,0,0,0,0,0,0,0,0,0,0,0,0,0,0,0.00060098038358422,0.00060098038358422,0.00060098038358422,0.00237140493389047,0.00237140493389047,0.00237140493389047,observed,0.719014689458035,observed,16.6905261203384,0,13.1537469508217,6.40738716313064,22.5549726292975
California,2020-02-16,0,0,0,0,0,0,0,0,0,0,0,0,0,0,0,0,0,0,0,0,0,0,0,0,0,0,0,0.00079821796042311,0.00079821796042311,0.00079821796042311,0.00316962289431358,0.00316962289431358,0.00316962289431358,observed,0.727490957778265,observed,18.1685008390587,0,17.2592498822092,8.47277645816533,29.3597052440127
California,2020-02-17,0,0,0,0,0,0,0,0,0,0,0,0,0,0,0,0,0,0,0,0,0,0,0,0,0,0,0,0.00106018762157607,0.00106018762157607,0.00106018762157607,0.00422981051588965,0.00422981051588965,0.00422981051588965,observed,0.757523094079048,observed,19.7941053228425,0,22.5416692428479,11.1671318741965,38.0304151867006
California,2020-02-18,0,0,0,0,0,0,0,0,0,0,0,0,0,0,0,0,0,0,0,0,0,0,0,0,0,0,0,0.00140813403555764,0.00140813403555764,0.00140813403555764,0.00563794455144729,0.00563794455144729,0.00563794455144729,observed,0.856547167087413,observed,21.5499752701931,0,29.3009092396864,14.7164690922843,48.9767312553316
California,2020-02-19,0,0,0,0,0,0,0,0,0,0,0,0,0,0,0,0,0,0,0,0,0,0,0,0,0,0,0,0.00187027424408565,0.00187027424408565,0.00187027424408565,0.00750821879553294,0.00750821879553294,0.00750821879553294,observed,1.01476312172126,observed,23.40583075912,0,37.9019194308321,19.2632137199517,62.7301123178316
California,2020-02-20,0,0,0,0,0,0,0,0,0,0,0,0,0,0,0,0,0,0,0,0,0,0,0,0,0,0,0,0.0024840859541263,0.0024840859541263,0.0024840859541263,0.00999230474965924,0.00999230474965924,0.00999230474965924,observed,1.20032851846024,observed,25.3285800422425,0,48.784363026445,25.1061537382286,80.2026914490499
California,2020-02-21,0,0,0,0,0,0,0,0,0,0,0,0,0,0,0,0,0,0,0,0,0,0,0,0,0,0,0,0.00329934683402016,0.00329934683402016,0.00329934683402016,0.0132916515836794,0.0132916515836794,0.0132916515836794,observed,1.38668205700777,observed,27.2914998467166,1.99999999999999,62.4731923196946,32.476690455262,102.353168080752
California,2020-02-22,0,0,0,0,0,0,0,0,0,0,0,0,0,0,0,0,0,0,0,0,0,0,0,0,0,0,0,0.0043821712887724,0.0043821712887724,0.0043821712887724,0.0176738228724518,0.0176738228724518,0.0176738228724518,observed,1.5603873431924,observed,29.2789662676856,5.00000000000001,79.5893113911882,42.0076598351228,129.21368831485
California,2020-02-23,0,0,0,0,0,0,0,0,0,0,0,0,0,0,0,0,0,0,0,0,0,0,0,0,0,0,0,0.0058203720812036,0.0058203720812036,0.0058203720812036,0.0234941949536554,0.0234941949536554,0.0234941949536554,observed,1.71448622713881,observed,31.2875798947982,0,100.859828032647,54.2373452146742,161.948613295204
California,2020-02-24,0,0,0,0,0,0,0,0,0,0,0,0,0,0,0,0,0,0,0,0,0,0,0,0,0,0,0,0.0077305816053712,0.0077305816053712,0.0077305816053712,0.0312247765590266,0.0312247765590266,0.0312247765590266,observed,1.83056501615562,observed,33.3277437796911,0,127.127248548892,69.6512366096378,201.320200241374
California,2020-02-25,0,0,0,0,0,0,0,0,0,0,0,0,0,0,0,0,0,0,0,0,0,0,0,0,0,0,0,0.0102677103194097,0.0102677103194097,0.0102677103194097,0.0414924868784363,0.0414924868784363,0.0414924868784363,observed,1.88737792840306,observed,35.4284933800706,0,159.356884721913,89.1049042193046,250.103447824852
California,2020-02-26,0,0,0,0,0,0,0,0,0,0,0,0,0,0,0,0,0,0,0,0,0,0,0,0,0,0,0,0.0136375093790905,0.0136375093790905,0.0136375093790905,0.0551299962575268,0.0551299962575268,0.0551299962575268,observed,1.86971480807273,observed,37.6437371021891,0,198.64160859499,112.677283053791,310.792275901382
California,2020-02-27,0,0,0,0,0,0,0,0,0,0,0,0,0,0,0,0,0,0,0,0,0,0,0,0,0,0,0,0.018113256251404,0.018113256251404,0.018113256251404,0.0732432525089308,0.0732432525089308,0.0732432525089308,observed,1.77427352294958,observed,40.0540768676754,1.00000000000001,246.202912490431,141.822299123465,382.722365580029
California,2020-02-28,0,0,0,0,0,0,0,0,0,0,0,0,0,0,0,0,0,0,0,0,0,0,0,0,0,0,0,0.0240579164441282,0.0240579164441282,0.0240579164441282,0.097301168953059,0.097301168953059,0.097301168953059,observed,1.61088025942783,observed,42.7611248740059,0,303.386996374943,179.147916080437,467.788007009878
California,2020-02-29,0,0,0,0,0,0,0,0,0,0,0,0,0,0,0,0,0,0,0,0,0,0,0,0,0,0,0,0.031953578577537,0.031953578577537,0.031953578577537,0.129254747530596,0.129254747530596,0.129254747530596,observed,1.3958390028106,observed,45.8838820068317,0.999999999999996,371.654718098627,222.16394879349,565.245780270574
California,2020-03-01,0,0,0,0,0,0,0,0,0,0,0,0,0,0,0,0,0,0,0,0,0,0,0,0,0,0,0,0.042440549861803,0.042440549861803,0.042440549861803,0.171695297392399,0.171695297392399,0.171695297392399,observed,1.1495105500245,observed,49.5843274173837,0,452.564208837018,276.243936343134,684.131700429103
California,2020-03-02,0,0,0,0,0,0,0,0,0,0,0,0,0,0,0,0,0,0,0,0,0,0,0,0,0,0,0,0.056369282461404,0.056369282461404,0.056369282461404,0.228064579853803,0.228064579853803,0.228064579853803,observed,0.89708912857666,observed,54.1581124393713,9,547.744835561569,338.80015857631,822.69636413195
California,2020-03-03,0,0,0,0,0,0,0,0,0,0,0,0,0,0,0,0,0,0,0,0,0,0,0,0,0,0,0,0.074810253154629,0.074810253154629,0.074810253154629,0.302874833008432,0.302874833008432,0.302874833008432,observed,0.647953944997369,observed,60.2077587216144,4.00000000000002,658.861407960958,410.484029632114,978.509753102518
California,2020-03-04,0,0,0,0,0,0,0,0,0,0,0,0,0,0,0,0,0,0,0,0,0,1,1,1,1,1,1,0.0988796884214,0.0988796884214,0.0988796884214,0.401754521429832,0.401754521429832,0.401754521429832,observed,0.388715599627666,observed,68.8824601165885,9.99999999999998,787.568306292529,497.519000558434,1160.03787415226
California,2020-03-05,0,0,0,0,0,0,0,0,0,0,0,0,0,0,0,0,0,0,0,0,0,0,0,0,1,1,1,0.130101445510019,0.130101445510019,0.130101445510019,0.531855966939851,0.531855966939851,0.531855966939851,observed,0.084202430390544,observed,82.1541239330892,16,935.453765940862,597.418607748251,1359.86887870843
California,2020-03-06,4.7,2,14.5,1,1,1,1,1,1,4.7,2,14.5,1,1,1,0,0,0,0,0,0,0,0,0,1,1,1,0.17038801873194,0.17038801873194,0.17038801873194,0.702243985671791,0.702243985671791,0.702243985671791,observed,-0.321341060920556,observed,103.112818010475,7.99999999999995,1103.97545102115,717.657504931043,1591.59056526866
California,2020-03-07,9.2,4,19.5,2,2,2,2,2,2,4.5,2,14.5,1,1,1,0,0,0,0,0,0,0,0,0,1,1,1,0.222090866594607,0.222090866594607,0.222090866594607,0.924334852266398,0.924334852266398,0.924334852266398,observed,-0.897729871628151,observed,136.179929284112,23,1294.3907731279,857.184096808637,1847.84737071454
California,2020-03-08,13.7,7.5,30.5,3.1,3,3.1,3.1,3,3.1,4.5,2,14.5,1,1,1,0,0,0,0,0,0,0,0,0,1,1,1,0.288077856161452,0.288077856161452,0.288077856161452,1.21241270842785,1.21241270842785,1.21241270842785,observed,-1.72406767961495,observed,186.877104106167,16.0000000000001,1507.68530243015,1010.4522776322,2120.15120091431
California,2020-03-09,18.1,10.5,35.5,4.4,4,8,4.3,4,6.5,4.4,2,14.5,1.4,1,2.5,0,0,0,0,0,0,0,0,0,1,1,1,0.3718171499112,0.3718171499112,0.3718171499112,1.58422985833905,1.58422985833905,1.58422985833905,observed,-2.88417234710205,observed,260.578363217499,5.99999999999996,1744.49884955262,1184.05434840881,2421.33230735433
California,2020-03-10,27,17,47.5,6.8,6,10.1,6.7,6,9.6,8.9,4,18.5,2.4,2,4.5,0,0,0,0,0,0,1,1,1,2,2,2,0.47746569750614,0.47746569750614,0.47746569750614,2.06169555584519,2.06169555584519,2.06169555584519,observed,-4.45477124120336,observed,360.279349091468,39.9999999999999,2005.05519487358,1370.87709159619,2733.31933495107
California,2020-03-11,36.1,24,62.5,9.2,8,13.1,8.9,8,12.1,9,4,19.5,2.4,2,4,0,0,0,0,0,0,1,1,1,3,3,3,0.60995954440629,0.60995954440629,0.60995954440629,2.67165510025148,2.67165510025148,2.67165510025148,observed,-6.49510474509859,observed,484.970980569408,32.9999999999999,2289.10025443666,1591.36587447623,3078.82733009346
California,2020-03-12,44.3,29.5,75,10.5,9,15.1,10.2,9,14.6,9.2,4,19.5,2.4,2,4.5,0,0,0,0,0,0,1,1,1,4,4,4,0.77510205030165,0.77510205030165,0.77510205030165,3.44675715055313,3.44675715055313,3.44675715055313,observed,-9.03826873981282,observed,630.758837856913,44,2595.84436377865,1828.85557293995,3459.29220616195
California,2020-03-13,53.6,36.5,86.5,13.2,11,17.6,12.7,11,16.6,13.7,7.5,30,3.7,3,6,0,0,0,0,0,0,0,0,0,4,4,4,0.97964484505692,0.97964484505692,0.97964484505692,4.42640199561005,4.42640199561005,4.42640199561005,observed,-12.0866709414119,observed,794.311783890549,61.0000000000003,2923.91565133973,2079.0069775355,3840.3503153628
California,2020-03-14,67.9,47,111,16.9,14.5,21.7,16.2,14,20.2,18.5,10.5,36.5,4.7,4,8.5,0,0,0,0,0,0,1,1,1,5,5,5,1.23135498208668,1.23135498208668,1.23135498208668,5.65775697769673,5.65775697769673,5.65775697769673,observed,-15.6078561414894,observed,975.475735839312,58.0000000000001,3271.34176051209,2350.82194096232,4249.1074607578
California,2020-03-15,82,59,135,20.6,17.5,25.2,19.8,17.5,23.3,18.2,10,35.5,4.7,4,8,0,0,0,0,0,0,1,1,1,6,6,6,1.53906039117675,1.53906039117675,1.53906039117675,7.19681736887348,7.19681736887348,7.19681736887348,observed,-19.5186414945146,observed,1177.03896689758,85.9999999999994,3635.57710109048,2643.91903441114,4673.45488989579
California,2020-03-16,100,72,161.6,24.6,21.5,30.3,23.5,21,28.8,23.1,13.5,45.5,6.1,5,9.5,0,0,0,0,0,0,1,1,1,7,7,7,1.91266673670846,1.91266673670846,1.91266673670846,9.10948410558194,9.10948410558194,9.10948410558194,observed,-23.6849834211832,observed,1403.10404198297,131.000000000001,4013.56807509531,2955.34585684407,5094.5450324337
California,2020-03-17,118.4,88,197.6,30,26,37.4,28.6,25.5,34.4,26.7,16.5,48,7.4,6,11.5,0,0,0,0,0,0,5,5,5,12,12,12,2.36313716158706,2.36313716158706,2.36313716158706,11.472621267169,11.472621267169,11.472621267169,observed,-27.9370727830367,observed,1658.8084959694,141,4401.81966109143,3285.07273436906,5545.28657295749
California,2020-03-18,142.1,109,238,36.3,31.5,45,34.6,31,40.6,32,20,58.5,8.4,7,12.6,0,0,0,0,0,0,1,1,1,13,13,13,2.9024258321371,2.9024258321371,2.9024258321371,14.3750470993061,14.3750470993061,14.3750470993061,observed,-32.0951057543206,observed,1952.56310797383,52.9999999999991,4796.49739115903,3633.95312425391,5998.4848241515
California,2020-03-19,173.1,134.5,269.2,44,39,51.7,41.9,37.5,48.7,40.7,27,67,10.8,9,16.6,0,0,0,0,0,0,5,5,5,18,18,18,3.5433469486117,3.5433469486117,3.5433469486117,17.9183940479178,17.9183940479178,17.9183940479178,observed,-35.9953287396639,observed,2299.31258035122,201.000000000001,5193.58461631729,4010.58352837935,6453.90214069229
California,2020-03-20,205.3,162.5,286.2,52,46,59.9,49.5,44.5,56.9,46,30.5,77,12.1,10,16.6,0,0,0,0,0,0,5,5,5,23,23,23,4.2993673586304,4.2993673586304,4.2993673586304,22.2177614065482,22.2177614065482,22.2177614065482,observed,-39.5067028299196,observed,2721.85163536706,224.999999999999,5588.99315641386,4378.88885563795,6892.39314110865
California,2020-03-21,243.4,195.5,337.5,62.4,55.5,71.6,59.3,53.5,67,55.3,37.5,93,14.5,12.5,22.1,0,0,0,0,0,0,1,1,1,24,24,24,5.1843240225339,5.1843240225339,5.1843240225339,27.4020854290821,27.4020854290821,27.4020854290821,observed,-42.5389382778741,observed,3247.74570655109,187,5978.67229200208,4742.25362713969,7311.75902548929
California,2020-03-22,289.8,237.5,379.6,74.1,66.5,84.8,70.3,63.5,79.3,64.4,44,107,17.2,14.5,23.1,0,0,0,0,0,0,6,6,6,30,30,30,6.2120543752469,6.2120543752469,6.2120543752469,33.614139804329,33.614139804329,33.614139804329,observed,-45.0473579424587,observed,3901.15396384115,282.000000000001,6358.73096543232,5123.16896832692,7738.12146530406
California,2020-03-23,339.8,282.5,433,87.2,78.5,98.1,82.6,75.5,92,72.6,51,114.6,19.6,16.5,25.2,0,0,0,0,0,0,9,9,9,39,39,39,7.3959361954877,7.3959361954877,7.3959361954877,41.0100759998167,41.0100759998167,41.0100759998167,observed,-47.0303717819879,observed,4690.66060087059,462.000000000001,6725.54191173568,5485.84510278395,8116.65743910274
California,2020-03-24,396.4,332,516.5,102,92,113.4,96.4,88.5,105.9,82.5,58,127.1,22.2,19,28.3,0,0,0,0,0,0,11,11,11,50,50,50,8.7483514986989,8.7483514986989,8.7483514986989,49.7584274985156,49.7584274985156,49.7584274985156,observed,-48.5238126510106,observed,5596.71471618385,429.999999999998,7075.78489746699,5818.9355969005,8480.05001208324
California,2020-03-25,460.5,393.5,570.6,118.4,107.5,130.7,111.8,102.5,121.7,96,68,147.1,26,22.5,32.4,0,0,0,0,0,0,15,15,15,65,65,65,10.2800821920655,10.2800821920655,10.2800821920655,60.0385096905811,60.0385096905811,60.0385096905811,observed,-49.5929482717499,observed,6564.85569151171,460,7406.51707466302,6129.29025196936,8773.97290386885
California,2020-03-26,526.2,449.5,645.9,136.1,124.5,150.6,128.4,118.5,139.1,104.9,76.5,153.9,28.5,24.5,34.4,0,0,0,0,0,0,16,16,16,81,81,81,11.9996918688209,11.9996918688209,11.9996918688209,72.038201559402,72.038201559402,72.038201559402,observed,-50.3221722839446,observed,7511.1541528778,901.000000000004,7715.26223576476,6405.92571279095,9054.85254456446
California,2020-03-27,599.5,516,720.5,155.5,142,172.1,146.5,135.5,158.5,118.5,88,178.2,32.4,28.5,39,0,0,0,0,0,0,13,13,13,94,94,94,13.9129454337929,13.9129454337929,13.9129454337929,85.9511469931949,85.9511469931949,85.9511469931949,observed,-50.8038558902251,observed,8341.48188787145,758,8000.06051639103,6677.24555624861,9350.10479807902
California,2020-03-28,677.9,587.9,829.3,176.9,162.5,192,166.3,154,178.4,132.3,98.5,196.7,36.4,31.5,44.5,0,0,0,0,0,0,16,16,16,110,110,110,16.0222362177281,16.0222362177281,16.0222362177281,101.973383210923,101.973383210923,101.973383210923,observed,-51.1291188761928,observed,8978.79298906845,438.000000000001,8259.49980666999,6914.46838043747,9593.90051138526
California,2020-03-29,761.7,664,922.9,199.6,184,216.5,187.4,173.5,202.8,146.2,112,206.5,40,35.5,47.1,0,0,0,0,0,0,14,14,14,124,124,124,18.325944033564,18.325944033564,18.325944033564,120.299327244487,120.299327244487,120.299327244487,observed,-51.3801139042408,observed,9386.68984763647,757.000000000001,8492.73740968598,7133.65697214279,9867.97584831227
California,2020-03-30,857.3,758.5,1013.1,225,208,242.5,210.9,196.5,224.8,166,127.5,231.3,45,40,53.2,0,0,0,0,0,0,22,22,22,146,146,146,20.818036514197,20.818036514197,20.818036514197,141.117363758684,141.117363758684,141.117363758684,observed,-51.6228732053182,observed,9578.23100420981,1286,8699.49122684841,7347.33875497984,10143.2036639045
California,2020-03-31,954.3,850.5,1137.3,251.2,232.5,269.6,235.1,219,249.8,177.4,137.5,260.7,49,43.5,58.3,0,0,0,0,0,0,27,27,27,173,173,173,23.487764353182,23.487764353182,23.487764353182,164.605128111866,164.605128111866,164.605128111866,observed,-51.9043556284803,observed,9606.52677761868,1071.99999999999,8879.98207979201,7514.9370428467,10352.8610538283
California,2020-04-01,1054.8,941,1236.5,279.2,259.5,302.1,260.9,243.5,279.2,192.5,151,267,53.1,47.5,61.9,0,0,0,0,0,0,26,26,26,199,199,199,26.319191273226,26.319191273226,26.319191273226,190.924319385092,190.924319385092,190.924319385092,observed,-52.2513559560442,observed,9544.04898284656,1189,9034.83593235809,7709.77450439574,10528.682427929
California,2020-04-02,1159.9,1040.5,1341.3,308.3,287,332.6,287.3,269,307.2,206.8,164,285.8,57.6,51,66.5,0,0,0,0,0,0,39,39,39,238,238,238,29.291126759442,29.291126759442,29.291126759442,220.215446144534,220.215446144534,220.215446144534,observed,-52.6698664927833,observed,9461.79847314974,1374.00000000001,9165.00924810376,7824.05601416512,10689.1780504732
California,2020-04-03,1265.3,1134.5,1406.4,337.8,315,371.1,314.2,294.5,334.8,220.1,178,307.8,61.4,54.5,73,0,0,0,0,0,0,27,27,27,265,265,265,32.377669200854,32.377669200854,32.377669200854,252.593115345388,252.593115345388,252.593115345388,observed,-53.1453157731941,observed,9415.84064472157,1231.00000000001,9271.70810244883,7924.36090402648,10735.2994446527
California,2020-04-04,1375.1,1240.5,1534.6,368.7,344,404.3,342.4,321,366,237.4,192.5,330.9,66.6,59.5,76.6,0,0,0,0,0,0,24,24,24,289,289,289,35.549652443441,35.549652443441,35.549652443441,288.142767788829,288.142767788829,288.142767788829,observed,-53.6457654332478,observed,9441.98955482919,833,9356.30339934803,8031.06852665645,10840.1804074193
California,2020-04-05,1484.5,1341.5,1684.1,399.3,373.5,429.2,370.2,348,393.2,251.1,203,337.4,70.6,63.5,83.6,0,0,0,0,0,0,59,59,59,348,348,348,38.775749405413,38.775749405413,38.775749405413,326.918517194242,326.918517194242,326.918517194242,observed,-54.1267139187889,observed,9556.05294708403,2197,9420.27413354087,8103.76430754902,10863.3281074931
California,2020-04-06,1587.1,1437.5,1799.3,429.1,402.5,458.5,396.9,373.5,420.3,262,213,370.7,73.5,65.5,83.8,0,0,0,0,0,0,32,32,32,380,380,380,42.022182928949,42.022182928949,42.022182928949,368.940700123191,368.940700123191,368.940700123191,observed,-54.5376780909281,observed,9757.12103178033,984.999999999995,9465.19330448123,8185.86158443523,10903.9490184431
California,2020-04-07,1690.3,1535.5,1912.6,459.4,431.5,488.7,424,399,446,273.7,224,357.7,77.8,70,91.8,0,0,0,0,0,0,52,52,52,432,432,432,45.253981250782,45.253981250782,45.253981250782,414.194681373973,414.194681373973,414.194681373973,observed,-54.8321873133933,observed,10032.8087272418,1332.00000000001,9492.67049390201,8241.71386056844,10899.1987626115
California,2020-04-08,1792.5,1637,1971.8,490.1,459.5,523.2,451.5,425,473.8,287.4,237,380.4,81.8,73.5,92.8,0,0,0,0,0,0,63,63,63,495,495,495,48.437957996217,48.437957996217,48.437957996217,462.63263937019,462.63263937019,462.63263937019,observed,-54.9774551572903,observed,10365.602347247,1545.99999999999,9504.31615674192,8270.37658077199,10872.0304966099
California,2020-04-09,1889.2,1718,2093.5,519.8,487.5,555.8,477.9,450.5,502.4,295.4,241,375.8,84.6,76,99,0,0,0,0,0,0,49,49,49,544,544,544,51.5424293144579,51.5424293144579,51.5424293144579,514.175068684648,514.175068684648,514.175068684648,observed,-54.9598788361421,observed,10738.8930043896,812.999999999993,9501.71566284637,8273.20888000063,10852.2735322746
California,2020-04-10,1983.4,1814.5,2185.1,547.2,514.5,576.7,502.1,473.5,527,307,252,412,87.4,78.5,98.5,0,0,0,0,0,0,39,39,39,583,583,583,54.537623137116,54.537623137116,54.537623137116,568.712691821764,568.712691821764,568.712691821764,observed,-54.7870942922907,observed,11140.9578411268,1371,9486.4015507376,8268.34106860495,10879.0350473562
California,2020-04-11,2071.3,1893,2270.7,574.2,540,601.9,525.7,496.5,552.9,316.6,260.5,410.9,90.6,81.5,103.5,0,0,0,0,0,0,21,21,21,604,604,604,57.396208527638,57.396208527638,57.396208527638,626.108900349402,626.108900349402,626.108900349402,observed,-54.4874489355624,observed,11566.5155913368,625.000000000007,9459.82666241422,8236.79406441005,10843.76085646
California,2020-04-12,2155.8,1970,2343.2,600.5,565,630.7,549,518.5,573.7,325.4,266.5,437.5,92.9,84,104.8,0,0,0,0,0,0,36,36,36,640,640,640,60.09399657491,60.09399657491,60.09399657491,686.202896924312,686.202896924312,686.202896924312,observed,-54.1024727617359,observed,12017.5941641147,1088.99999999999,9423.37899926612,8201.82306505009,10774.3117449578
California,2020-04-13,2231.5,2043.5,2421.7,624.8,587.5,657.2,570.1,538.5,597.6,328.5,269.5,413.9,94.8,86,112.1,0,0,0,0,0,0,74,74,74,714,714,714,62.6103341180931,62.6103341180931,62.6103341180931,748.813231042405,748.813231042405,748.813231042405,observed,-53.677128597435,observed,12506.5044086455,1136.00000000002,9378.38565405212,8173.86030043014,10740.1064954221
California,2020-04-14,2300.3,2106.5,2531.6,646.6,607,680.7,588.8,555.5,619,333.5,275.5,422.4,96.5,87,110.3,0,0,0,0,0,0,53,53,53,767,767,767,64.928871726479,64.928871726479,64.928871726479,813.742102768884,813.742102768884,813.742102768884,observed,-53.2557401729605,observed,13061.8995680964,1424.99999999999,9326.11498029024,8150.88466035389,10677.27982564
California,2020-04-15,2361.5,2165.5,2615.2,666.5,625,704.5,606,571,635.4,338.1,283.5,431.7,98.1,88.5,110.7,0,0,0,0,0,0,93,93,93,860,860,860,67.038758886546,67.038758886546,67.038758886546,880.78086165543,880.78086165543,880.78086165543,observed,-52.8740688028569,observed,13735.3087232943,1330,9267.77257157818,8115.71682748565,10603.6377380255
California,2020-04-16,2419.2,2209,2713.4,685.2,642.5,720,621.9,586.5,650.4,343.2,286.5,435.6,99.6,89.5,111.4,0,0,0,0,0,0,96,96,96,956,956,956,68.9335539505839,68.9335539505839,68.9335539505839,949.714415606014,949.714415606014,949.714415606014,observed,-52.5529515485217,observed,14602.7630690427,990.999999999996,9204.50546469347,8014.7651774946,10510.6299167856
California,2020-04-17,2470.3,2257.5,2725.1,702,658.5,737.8,636.1,600,669.6,348.2,287,433.9,100.7,91,113.3,0,0,0,0,0,0,81,81,81,1037,1037,1037,70.611149089316,70.611149089316,70.611149089316,1020.32556469533,1020.32556469533,1020.32556469533,observed,-52.2984076894969,observed,15757.1108507234,1480.00000000002,9137.38793285201,7953.67414052775,10444.9902492152
California,2020-04-18,2511.1,2308.5,2770.9,716,670.5,753.5,647.8,609.5,675.6,347.9,288.5,459.4,101.1,90.5,114.5,0,0,0,0,0,0,103,103,103,1140,1140,1140,72.07378714153,72.07378714153,72.07378714153,1092.39935183686,1092.39935183686,1092.39935183686,observed,-52.105338928332,observed,17289.7194404116,1333.99999999997,9067.4093352596,7894.22944372095,10389.8747194105
California,2020-04-19,2548.2,2347.5,2780.3,729.5,686,768.2,659.2,621.5,689.3,352.8,295,456.5,102.4,92.5,118.3,0,0,0,0,0,0,37,37,37,1177,1177,1177,73.3276469454199,73.3276469454199,73.3276469454199,1165.72699878228,1165.72699878228,1165.72699878228,observed,-51.95924350738,observed,19263.2093116454,940.000000000004,8995.46034616863,7810.98024958914,10309.2320048152
California,2020-04-20,2580.9,2386.5,2848.5,741.2,698,783.4,668.9,631,708,351.7,297.5,448.4,102.8,93,115.4,0,0,0,0,0,0,48,48,48,1225,1225,1225,74.3819938516701,74.3819938516701,74.3819938516701,1240.10899263395,1240.10899263395,1240.10899263395,observed,-51.8359597851798,observed,21678.5573010007,2255.00000000002,8922.33254903449,7746.82069120465,10242.5643334916
California,2020-04-21,2608.6,2410.5,2844.4,750.9,706.5,787.9,676.9,637.5,710.8,352.6,292.5,456.5,102.8,93.5,117.8,0,0,0,0,0,0,57,57,57,1282,1282,1282,75.24657891109,75.24657891109,75.24657891109,1315.35557154504,1315.35557154504,1315.35557154504,observed,-51.7071719500939,observed,24444.3255720008,1779,8848.71631471678,7688.18120567471,10184.4444508591
California,2020-04-22,2630.4,2432.5,2869.3,759.3,714.5,803.9,683.5,643.5,717,352,295,462,103.2,93,116.9,0,0,0,0,0,0,139,139,139,1421,1421,1421,75.9321872595301,75.9321872595301,75.9321872595301,1391.28775880457,1391.28775880457,1391.28775880457,observed,-51.5488564059092,observed,27361.6950566004,1878.99999999999,8775.20992559905,7605.52505351667,10078.1771062092
California,2020-04-23,2646.2,2444.5,2864.1,765.7,719.5,811,688.7,648,721.6,351.6,292,445.6,103.1,92.5,120.3,0,0,0,0,0,0,112,112,112,1533,1533,1533,76.45099658862,76.45099658862,76.45099658862,1467.73875539319,1467.73875539319,1467.73875539319,observed,-51.3439721297689,observed,30142.3045258899,2216.99999999999,8702.32696483903,7540.91818154571,9976.08773352073
California,2020-04-24,2657.2,2461,2909.8,771.2,725.5,828.6,693.1,652.5,735,351.7,292.5,451.8,103.3,93.5,115.5,0,0,0,0,0,0,88,88,88,1621,1621,1621,76.8158100048599,76.8158100048599,76.8158100048599,1544.55456539805,1544.55456539805,1544.55456539805,observed,-51.084570060132,observed,32467.5146850276,1794.00000000002,8630.51161572642,7487.77307999558,9876.42611213553
California,2020-04-25,2663.9,2455.5,2943.1,774.3,728.5,826,694.9,654,737,348.8,289,443.4,102.1,92.5,118.9,0,0,0,0,0,0,68,68,68,1689,1689,1689,77.04007038132,77.04007038132,77.04007038132,1621.59463577937,1621.59463577937,1621.59463577937,observed,-50.7724012953177,observed,34077.7390080102,1013,8560.15346589676,7440.97732951079,9788.58369978741
California,2020-04-26,2665.5,2466,2912.1,776.3,729.5,820,696.1,655.5,738.6,348.2,288,453.5,102,92,116.3,0,0,0,0,0,0,36,36,36,1725,1725,1725,77.13724470479,77.13724470479,77.13724470479,1698.73188048416,1698.73188048416,1698.73188048416,observed,-50.4164905385396,observed,34855.6962926917,1189.99999999999,8491.6060611064,7386.95969327068,9708.53142559529
California,2020-04-27,2667.8,2462.5,2973,777.8,731.5,826.1,697,656.5,734.4,348.6,290.5,446.9,102.1,93,115.9,0,0,0,0,0,0,54,54,54,1779,1779,1779,77.1194318724499,77.1194318724499,77.1194318724499,1775.85131235661,1775.85131235661,1775.85131235661,observed,-50.0286886933489,observed,34861.1802298391,1408.00000000001,8425.20077245102,7358.09165329952,9622.43638786563
California,2020-04-28,2662.5,2455.5,2922.5,777.4,731,829,696.1,655.5,736.3,342.9,279.5,431,100.7,90.5,112.4,0,0,0,0,0,0,85,85,85,1864,1864,1864,76.9985353781401,76.9985353781401,76.9985353781401,1852.84984773475,1852.84984773475,1852.84984773475,observed,-49.6235460859412,observed,34299.1744388175,1197.99999999998,8361.25344846778,7337.95898449729,9544.6576256494
California,2020-04-29,2655.3,2442,2907.3,776.6,730,826.5,694.9,655.5,738.5,340.7,281,448.1,100.8,91,113.3,0,0,0,0,0,0,82,82,82,1946,1946,1946,76.7863475399299,76.7863475399299,76.7863475399299,1929.63619527468,1929.63619527468,1929.63619527468,observed,-49.2196636792739,observed,33444.098591948,2583.00000000004,8300.06465698775,7288.90001454457,9464.27664199353
California,2020-04-30,2646.5,2442.4,2897.5,774.6,726.5,825.9,692.5,650.5,737.8,339.8,281.5,450.6,99.8,89.5,114.3,0,0,0,0,0,0,85,85,85,2031,2031,2031,76.49426333462,76.49426333462,76.49426333462,2006.1304586093,2006.1304586093,2006.1304586093,observed,-48.8382014414069,observed,32561.9940144728,1382.99999999998,8241.92632200845,7246.08396009516,9374.08971749227
California,2020-05-01,2636.8,2426.5,2867,772.9,724.5,823.7,690.6,651,735,338.5,280.5,419.9,99.3,90,111.2,0,0,0,0,0,0,95,95,95,2126,2126,2126,76.1326756092001,76.1326756092001,76.1326756092001,2082.2631342185,2082.2631342185,2082.2631342185,observed,-48.5000985097813,observed,31859.8612512693,1896.00000000001,8187.12880570211,7220.16355058156,9302.45136480607
California,2020-05-02,2625.4,2410.5,2867.4,769.8,723,820.3,687.4,647.5,731.5,335.8,277.5,432.4,98.3,88.5,117.6,0,0,0,0,0,0,54,54,54,2180,2180,2180,75.7114772620598,75.7114772620598,75.7114772620598,2157.97461148056,2157.97461148056,2157.97461148056,observed,-48.2226486130745,observed,31465.8599969336,1321.00000000001,8135.967047473,7170.10344107482,9242.95067082933
California,2020-05-03,2606.4,2396,2804.3,765,718.5,814.8,682.8,643,725,328,272,425.4,97,87,109.2,0,0,0,0,0,0,36,36,36,2216,2216,2216,75.2403265897001,75.2403265897001,75.2403265897001,2233.21493807026,2233.21493807026,2233.21493807026,observed,-48.0141566657908,observed,31430.8390395346,1555.99999999998,8088.73622068356,7113.21229702227,9163.92959552845
California,2020-05-04,2588.7,2380,2790.1,761.3,715,810.8,679.2,639.5,722.7,328.7,272,424.8,97.1,87.5,110.1,0,0,0,0,0,0,62,62,62,2278,2278,2278,74.7285981806399,74.7285981806399,74.7285981806399,2307.9435362509,2307.9435362509,2307.9435362509,observed,-47.867994745586,observed,31741.333249067,981.000000000022,8045.72702085274,7072.40927059071,9115.4407955462
California,2020-05-05,2570.8,2362,2779.4,756,709,798,674.3,635.5,709,324.7,270,430.2,95.8,86.5,108.7,0,0,0,0,0,0,103,103,103,2381,2381,2381,74.1852095231902,74.1852095231902,74.1852095231902,2382.12874577409,2382.12874577409,2382.12874577409,observed,-47.7639410376642,observed,32339.3946895857,2571.99999999997,8007.22828952734,7012.55584399465,9100.64270784733
California,2020-05-06,2557.1,2359.9,2791,751.3,705.5,796.4,670,631,708.4,326.1,271.5,423.8,95.2,86,107.3,0,0,0,0,0,0,83,83,83,2464,2464,2464,73.61836395002,73.61836395002,73.61836395002,2455.74710972411,2455.74710972411,2455.74710972411,observed,-47.6764173542569,observed,33146.1243049698,2160.00000000002,7973.52854907825,6932.92423647372,9099.78192861756
California,2020-05-07,2537.7,2338.9,2779.4,745.4,699.5,789.4,664.4,624,702.3,321,262.5,415.8,94.3,85,106.1,0,0,0,0,0,0,71,71,71,2535,2535,2535,73.03502249547,73.03502249547,73.03502249547,2528.78213221958,2528.78213221958,2528.78213221958,observed,-47.5813947429594,observed,34084.333960296,1531.99999999999,7944.92359575048,6905.55330060174,9083.81598609923
California,2020-05-08,2514.8,2312.5,2738.4,739.3,693,779.4,659,618.5,691.9,315.2,257.5,401.6,93,84,104.7,0,0,0,0,0,0,78,78,78,2613,2613,2613,72.4415791226302,72.4415791226302,72.4415791226302,2601.22371134221,2601.22371134221,2601.22371134221,observed,-47.4605045908288,observed,35094.0847957535,1630.99999999999,7921.72840516864,6860.34340249992,9109.32183675538
California,2020-05-09,2495.2,2297,2725.9,734.6,688,778.1,654.6,615,688.7,316.3,263,418,93.1,83.5,110,0,0,0,0,0,0,74,74,74,2687,2687,2687,71.8437461318399,71.8437461318399,71.8437461318399,2673.06745747405,2673.06745747405,2673.06745747405,observed,-47.3015540242464,observed,36137.6973169906,2779.00000000002,7904.28287533279,6802.49877395024,9137.2431638558
California,2020-05-10,2475.9,2285,2715.6,728.4,682.5,767.5,648.9,609,677.6,310.4,255,398.1,91.8,82,104.1,0,0,0,0,0,0,29,29,29,2716,2716,2716,71.24651759482,71.24651759482,71.24651759482,2744.31397506887,2744.31397506887,2744.31397506887,observed,-47.0949549336819,observed,37195.9160925544,1042.00000000001,7892.95232566419,6771.12489367428,9105.49756096185
California,2020-05-11,2457,2268.4,2711.2,722.9,677.5,761.7,644.1,605.5,680.5,310.6,254.5,414.4,91.1,82,105.1,0,0,0,0,0,0,63,63,63,2779,2779,2779,70.6539845480597,70.6539845480597,70.6539845480597,2814.96795961693,2814.96795961693,2814.96795961693,observed,-46.8288063849526,observed,38260.5642852324,1729,7888.12846785975,6764.72301920903,9114.07109264494
California,2020-05-12,2437,2232.5,2693.8,716.5,672,755.5,638.4,601,672.9,306.6,253,411.1,90.3,81.5,104.7,0,0,0,0,0,0,100,100,100,2879,2879,2879,70.0694710685202,70.0694710685202,70.0694710685202,2885.03743068545,2885.03743068545,2885.03743068545,observed,-46.4908174562666,observed,39328.2672787981,1649.00000000001,7890.22846833345,6733.38978110984,9156.49219688112
California,2020-05-13,2414.7,2218.9,2638.1,710.7,667,756.7,633.4,596.5,669.7,304.4,250,410.9,89.9,80.5,101.7,0,0,0,0,0,0,78,78,78,2957,2957,2957,69.4959536870001,69.4959536870001,69.4959536870001,2954.53338437245,2954.53338437245,2954.53338437245,observed,-46.0748811887641,observed,40397.022507834,1819.99999999994,7899.69166672574,6703.24006955098,9182.27501972578
California,2020-05-14,2395.1,2197.4,2602.9,705.3,663,745.3,628.7,592,666.1,302.5,250.5,389.5,88.8,79.5,101.6,0,0,0,0,0,0,95,95,95,3052,3052,3052,68.9362867026198,68.9362867026198,68.9362867026198,3023.46967107507,3023.46967107507,3023.46967107507,observed,-45.58336438843,observed,41465.0265365215,2073.00000000001,7916.98029571398,6711.20726909888,9180.22702047034
California,2020-05-15,2381.7,2183.5,2620.2,699.9,656.5,739.7,623.8,586.5,658.5,304.2,247,395.2,88.7,79.5,102.1,0,0,0,0,0,0,84,84,84,3136,3136,3136,68.3932137570901,68.3932137570901,68.3932137570901,3091.86288483216,3091.86288483216,3091.86288483216,observed,-45.0273086650528,observed,42530.5600421069,1822,7942.58302165523,6728.18103977333,9207.30000640688
California,2020-05-16,2365.9,2166,2589.3,695.5,652.5,738.6,620.1,583,657.1,301.7,249,391.2,88.5,80,107,0,0,0,0,0,0,72,72,72,3208,3208,3208,67.86930355804,67.86930355804,67.86930355804,3159.7321883902,3159.7321883902,3159.7321883902,observed,-44.4276475614727,observed,43591.9683021822,2032.00000000003,7977.01951533458,6782.80727891858,9266.1416723733
California,2020-05-17,2350.2,2157.5,2563.4,689.9,647,743.6,615.1,578.5,663.7,297.4,242.5,376.7,87.4,78,100.1,0,0,0,0,0,0,32,32,32,3240,3240,3240,67.3669661835802,67.3669661835802,67.3669661835802,3227.09915457378,3227.09915457378,3227.09915457378,observed,-43.8125432362798,observed,44647.1203763069,1440.99999999996,8020.84545256802,6800.37419402345,9284.4024311503
California,2020-05-18,2336,2145.5,2547,685.6,643,745.7,611.4,574.5,663.4,297.7,243.5,394.9,87.5,78.5,100.6,0,0,0,0,0,0,39,39,39,3279,3279,3279,66.8887049745699,66.8887049745699,66.8887049745699,3293.98785954835,3293.98785954835,3293.98785954835,observed,-43.2096767080485,observed,45691.9571271262,1291.00000000004,8074.65805069562,6910.90458097177,9335.48104264921
California,2020-05-19,2323.3,2125.5,2518.2,681.9,639.5,732.3,608,571,654,296.2,244.5,380.5,87.3,78.5,99.6,0,0,0,0,0,0,124,124,124,3403,3403,3403,66.4370158265497,66.4370158265497,66.4370158265497,3360.4248753749,3360.4248753749,3360.4248753749,observed,-42.6422924143037,observed,46718.2644361854,2294.99999999997,8138.91437055892,6987.82741579377,9381.31573490627
California,2020-05-20,2308.8,2121.4,2558.6,677.7,636.5,722.1,604.5,569.5,642.7,291.2,240,382.9,86,76.5,98,0,0,0,0,0,0,94,94,94,3497,3497,3497,66.0143004497704,66.0143004497704,66.0143004497704,3426.43917582467,3426.43917582467,3426.43917582467,observed,-42.1296613236534,observed,47711.6976309979,2244.99999999997,8212.3330350556,7100.41987931718,9438.5989055298
California,2020-05-21,2298.1,2114.9,2528.5,673.8,633,713.2,601.1,566,634.7,294.4,241,399.6,86,77.5,99.5,0,0,0,0,0,0,86,86,86,3583,3583,3583,65.6229634868996,65.6229634868996,65.6229634868996,3492.06213931157,3492.06213931157,3492.06213931157,observed,-41.6855414839568,observed,48651.8478241724,2034.00000000006,8293.14952010275,7205.81323251159,9470.18976569453
California,2020-05-22,2284.3,2095.4,2498.3,669.7,627.5,716.2,597.6,563,627.7,292.6,239,378,85.9,77,99.8,0,0,0,0,0,0,83,83,83,3666,3666,3666,65.2653999285903,65.2653999285903,65.2653999285903,3557.32753924016,3557.32753924016,3557.32753924016,observed,-41.3156461700353,observed,49515.7221091927,2221,8379.47760587972,7327.27182901594,9557.90727551656
California,2020-05-23,2274.7,2082,2538.4,666.5,624.5,711.6,595.1,560,631.9,292.8,239.5,387,85.6,77,99,0,0,0,0,0,0,72,72,72,3738,3738,3738,64.9439871773698,64.9439871773698,64.9439871773698,3622.27152641753,3622.27152641753,3622.27152641753,observed,-41.0150450263853,observed,50284.1206031622,2286.99999999996,8469.26172569156,7437.16845071302,9672.24582833768
California,2020-05-24,2268,2072.9,2492.1,664.5,622,714.7,593.3,557,628,292.9,240,389.3,86,77,99.5,0,0,0,0,0,0,16,16,16,3754,3754,3754,64.66109458447,64.66109458447,64.66109458447,3686.932621002,3686.932621002,3686.932621002,observed,-40.766517633455,observed,50947.9303544786,1481.00000000006,8560.41987129929,7486.11301498502,9820.13575929497
California,2020-05-25,2262.2,2075.9,2477.8,661.7,619,708.2,591.1,555,624.5,293.7,239.5,374.5,85.5,77,97,0,0,0,0,0,0,15,15,15,3769,3769,3769,64.4190909318399,64.4190909318399,64.4190909318399,3751.35171193384,3751.35171193384,3751.35171193384,observed,-40.5359162905848,observed,51510.5694762824,2379.99999999997,8644.30345217994,7532.26502292494,9967.16514431362
California,2020-05-26,2256.9,2065,2484.4,660.7,618.5,703.1,590.3,554.5,620.1,292,241.5,378.6,85.7,76.5,99.1,0,0,0,0,0,0,50,50,50,3819,3819,3819,64.2203690843903,64.2203690843903,64.2203690843903,3815.57208101823,3815.57208101823,3815.57208101823,observed,-40.2818073938067,observed,51984.7908901782,2986.99999999999,8729.19073923506,7556.76559871859,10151.1671102342
California,2020-05-27,2255.6,2065.5,2466.9,659.7,617.5,700.2,589.7,553.5,624,292,240,388.9,85.8,76.5,98.6,0,0,0,0,0,0,76,76,76,3895,3895,3895,64.0675713464198,64.0675713464198,64.0675713464198,3879.63965236465,3879.63965236465,3879.63965236465,observed,-39.9772413174646,observed,52385.8286375271,1663.00000000003,8817.77637796532,7557.76422356535,10370.0301021028
California,2020-05-28,2253.3,2065.5,2516.5,658.7,616.5,701.2,588.9,553.5,620.5,293.2,239.5,371.1,85.6,76.5,98.6,0,0,0,0,0,0,98,98,98,3993,3993,3993,63.9637490789701,63.9637490789701,63.9637490789701,3943.60340144362,3943.60340144362,3943.60340144362,observed,-39.6144191972408,observed,52725.338797146,2762.99999999994,8908.25842016441,7568.84607682158,10581.8061946766
California,2020-05-29,2256.3,2065.9,2492.5,658.6,617.5,704.6,589.2,553.5,623.3,297.3,240.5,399.9,86.4,77.5,98.1,0,0,0,0,0,0,84,84,84,4077,4077,4077,63.9122105616702,63.9122105616702,63.9122105616702,4007.51561200529,4007.51561200529,4007.51561200529,observed,-39.203964735513,observed,53009.8476280961,2809.00000000007,8997.65436789295,7596.16347821224,10819.0893583037
California,2020-05-30,2260.2,2072.5,2494,658.9,618,708.4,589.7,555,622.3,297.8,246,394.5,86.7,78,103,0,0,0,0,0,0,67,67,67,4144,4144,4144,63.9164208130896,63.9164208130896,63.9164208130896,4071.43203281838,4071.43203281838,4071.43203281838,observed,-38.7698172871293,observed,53243.9121154004,3272.99999999993,9094.66212821167,7594.48379581496,11034.0557871506
California,2020-05-31,2262.9,2084,2497.7,659.2,617.5,708.2,590.3,555,622.6,296.5,243,401.9,86.7,78,99.1,0,0,0,0,0,0,28,28,28,4172,4172,4172,63.9799911246305,63.9799911246305,63.9799911246305,4135.41202394301,4135.41202394301,4135.41202394301,observed,-38.3381909519523,observed,53434.7428006505,2056.00000000004,9191.76850790903,7555.79517086148,11247.4640637783
California,2020-06-01,2270.6,2086.5,2502.9,661,619.5,702.8,592.2,557,629.3,302.4,248.5,379.5,88.1,79,105,0,0,0,0,0,0,45,45,45,4217,4217,4217,64.1067101950393,64.1067101950393,64.1067101950393,4199.51873413805,4199.51873413805,4199.51873413805,observed,-37.9301449403074,observed,53594.1808027723,2782.00000000001,9286.33754689184,7581.42112624813,11539.0168030873
California,2020-06-02,2277.6,2089.5,2505.7,662.9,621.5,704.1,594.1,558.5,625.2,300.1,248,399.9,88,79,101,0,0,0,0,0,0,88,88,88,4305,4305,4305,64.3005780843005,64.3005780843005,64.3005780843005,4263.81931222235,4263.81931222235,4263.81931222235,observed,-37.5590664325873,observed,53736.2819245638,2481.99999999999,9372.29432511775,7567.85112404823,11718.7356144069
California,2020-06-03,2291.1,2109.5,2522.8,666,624.5,704.7,597.2,561.5,631.4,306.2,252,398.9,89.1,80,104.1,0,0,0,0,0,0,69,69,69,4374,4374,4374,64.5658426176497,64.5658426176497,64.5658426176497,4328.38515484,4328.38515484,4328.38515484,observed,-37.2302052443743,projected,54156.0901616742,2132.99999999997,9454.47396500911,7573.65478248894,12012.6279446593
California,2020-06-04,2306.7,2125.9,2508.4,669.4,625.5,713,600.6,565,634.8,310.6,255.5,398.9,90.2,81.5,103.6,0,0,0,0,0,0,70,70,70,4444,4444,4444,64.9070387727797,64.9070387727797,64.9070387727797,4393.29219361278,4393.29219361278,4393.29219361278,observed,-36.9406518148348,projected,54575.8983987847,2820.00000000001,9533.13425380403,7527.8283813782,12181.3447869603
California,2020-06-05,2324,2142,2521.1,674,630.5,717.3,605,569.5,644.2,314.9,256,397.5,91.3,82,104.1,0,0,0,0,0,0,85,85,85,4529,4529,4529,65.3290318036206,65.3290318036206,65.3290318036206,4458.6212254164,4458.6212254164,4458.6212254164,observed,-36.681100149673,projected,54995.7066358951,3570.00000000006,9592.03207897019,7507.5982026672,12458.2337784914
California,2020-06-06,2340.1,2155,2581.7,678.9,636.5,728.6,609.6,575,649.8,313.9,259.5,390,91.9,83,104.7,0,0,0,0,0,0,77,77,77,4606,4606,4606,65.8370651349196,65.8370651349196,65.8370651349196,4524.45829055132,4524.45829055132,4524.45829055132,observed,-36.4429552256565,projected,55415.5148730056,2855,9630.22655897579,7485.20563492514,12651.4674504105
California,2020-06-07,2361.3,2166.5,2601.5,684.2,641,727.9,614.6,578.5,647.7,318.7,264.5,402.6,92.9,83.5,105.2,0,0,0,0,0,0,26,26,26,4632,4632,4632,66.4368144371201,66.4368144371201,66.4368144371201,4590.89510498844,4590.89510498844,4590.89510498844,projected,-36.4429552256565,projected,55835.323110116,2021.99999999996,9645.24667766652,7448.03173113037,12766.2373221388
California,2020-06-08,2384,2193.5,2615.6,690.6,648,732.2,620.7,584.5,658.1,324.7,269,418.7,94.2,84.5,108.7,0,0,0,0,0,0,25,25,25,4657,4657,4657,67.1268288397805,67.1268288397805,67.1268288397805,4658.02193382822,4658.02193382822,4658.02193382822,projected,-36.4429552256565,projected,56255.1313472261,3200.99999999997,9637.00504947672,7395.91512574758,12887.5226700936
California,2020-06-09,2409.2,2208.5,2638.3,696.1,649,741.9,625.9,586.5,662.8,325.9,251,428.2,94.4,79,119.2,0,0,0,0,0,0,88,88,88,4745,4745,4745,67.8410681837395,67.8410681837395,67.8410681837395,4725.86300201196,4725.86300201196,4725.86300201196,projected,-36.4429552256565,projected,56674.9395843365,2824.99999999997,9619.44131620121,7328.5043822011,13035.8719418488
California,2020-06-10,2433.2,2214,2699.3,702,652,756.1,631.4,587,682.4,330.4,253.5,445.4,95.7,80.5,128,0,0,0,0,0,0,109,109,109,4854,4854,4854,68.5628720713103,68.5628720713103,68.5628720713103,4794.42587408327,4794.42587408327,4794.42587408327,projected,-36.4429552256565,projected,57094.7478214469,3074.00000000012,9602.95912919191,7262.37785077579,13124.4690762274
California,2020-06-11,2455.5,2199,2783.3,708.4,651.5,785.1,637.1,584.5,711.1,332.7,255,474.2,96.9,81,124.1,0,0,0,0,0,0,80,80,80,4934,4934,4934,69.29232818122,69.29232818122,69.29232818122,4863.71820226449,4863.71820226449,4863.71820226449,projected,-36.4429552256565,projected,57514.5560585574,3661.99999999997,9589.87883282557,7189.99607796017,13269.0993972139
California,2020-06-12,2479.3,2182.5,2997.2,715.5,644,828.8,643.5,577,754.7,337.5,256.5,532.5,97.8,79,131.3,0,0,0,0,0,0,44,44,44,4978,4978,4978,70.0295255087294,70.0295255087294,70.0295255087294,4933.74772777322,4933.74772777322,4933.74772777322,projected,-36.4429552256565,projected,57934.3642956678,3281.99999999991,9562.13984161186,7135.59211051874,13425.0025174642
California,2020-06-13,2504.9,2150.5,3184.2,722.6,636,876.5,649.9,569.5,802.5,339.4,255,500.9,99,79,136.7,0,0,0,0,0,0,98,98,98,5076,5076,5076,70.7745543923702,70.7745543923702,70.7745543923702,5004.52228216559,5004.52228216559,5004.52228216559,projected,-36.4429552256565,projected,58354.1725327783,3359.00000000003,9519.53712533888,7047.75109298397,13540.518558901
California,2020-06-14,2530.9,2121.4,3397.7,729.2,628,938.2,656,559.5,858.9,344,256.5,512,99.8,78,155.5,0,0,0,0,0,0,71.2904209306308,61.4113756853682,83.0165603974101,5075.81270309622,5065.93365785096,5087.538842563,71.2904209306308,61.4113756853682,83.0165603974101,5075.81270309622,5065.93365785096,5087.538842563,projected,-36.4429552256565,projected,58773.9807698887,,9471.44265980376,6957.66732928734,13579.1378879756
California,2020-06-15,2556.1,2103.4,3688.9,736.8,628,987,662.8,559,901.5,347.9,254.5,587.6,101.1,79,163.2,0,0,0,0,0,0,72.0940375455081,61.6342903540052,84.3923356362776,5147.90674064173,5127.62679598204,5172.18348041886,72.0940375455081,61.6342903540052,84.3923356362776,5147.90674064173,5127.62679598204,5172.18348041886,projected,-36.4429552256565,projected,59193.7890069991,,9418.00687909244,6861.07008953653,13644.6324662136
California,2020-06-16,2582.7,2112.8,3857.3,744.3,627.5,1022.7,669.4,559.5,934.4,351,258.5,541.5,101.9,79,159.4,0,0,0,0,0,0,72.8867839413511,61.4085502491486,86.7632310400398,5220.79352458308,5189.48025685855,5257.71180709316,72.8867839413511,61.4085502491486,86.7632310400398,5220.79352458308,5189.48025685855,5257.71180709316,projected,-36.4429552256565,projected,59613.5972441096,,9359.3004359384,6757.86982750483,13630.7418507552
California,2020-06-17,2607.1,2094.4,4050.1,751.8,628,1063,676,560.5,971.8,353.1,254.9,571.1,102.7,78.5,166.6,0,0,0,0,0,0,73.6771512744146,61.5638726511014,88.5551883641394,5294.47067585749,5250.95998152655,5347.37721325948,73.6771512744146,61.5638726511014,88.5551883641394,5294.47067585749,5250.95998152655,5347.37721325948,projected,-36.4429552256565,projected,60033.40548122,,9303.93208962364,6658.73086693995,13619.564139119
California,2020-06-18,2631.8,2100.9,4160.9,758.9,626.5,1104.2,682.3,558,1012.9,355.9,252.5,544.2,103.3,78.5,166.2,0,0,0,0,0,0,74.4408009467064,61.4079697616014,90.730846742788,5368.9114768042,5311.83081530865,5437.94151994479,74.4408009467064,61.4079697616014,90.730846742788,5368.9114768042,5311.83081530865,5437.94151994479,projected,-36.4429552256565,projected,60453.2137183305,,9253.41203503338,6564.83883319832,13703.8218998458
California,2020-06-19,2651.3,2103.4,4259.2,765.4,623.5,1142.7,688.1,557.5,1048.5,354.9,254,543.5,103.9,77,167.2,0,0,0,0,0,0,75.1859968135604,61.24886726147,92.3136266707698,5444.09747361776,5374.02153910659,5529.21640134582,75.1859968135604,61.24886726147,92.3136266707698,5444.09747361776,5374.02153910659,5529.21640134582,projected,-36.4429552256565,projected,60873.0219554409,,9191.98114805374,6464.45307138264,13735.9433342054
California,2020-06-20,2670.2,2086.9,4385.1,771.2,618.5,1188.7,693.1,555.4,1089,356.3,253,557.2,104.1,77.5,169.6,0,0,0,0,0,0,75.9138717987219,61.6172371149998,94.7428374827461,5520.01134541648,5435.86511742606,5624.57986081179,75.9138717987219,61.6172371149998,94.7428374827461,5520.01134541648,5435.86511742606,5624.57986081179,projected,-36.4429552256565,projected,61292.8301925513,,9118.35371791556,6357.17340430152,13718.3894033527
California,2020-06-21,2684.7,2087,4403.6,776.5,615.5,1217.7,697.5,551,1112.7,356.1,251.5,581.7,104.6,77,164.7,0,0,0,0,0,0,76.5828802031962,61.5663865732286,96.6491588694449,5596.59422561968,5496.70833620644,5723.23474333567,76.5828802031962,61.5663865732286,96.6491588694449,5596.59422561968,5496.70833620644,5723.23474333567,projected,-36.4429552256565,projected,61712.6384296618,,9039.98759811663,6258.45137800369,13691.6339873049
California,2020-06-22,2694.9,2073.7,4335.9,780.8,611.9,1241,701,547.5,1137.3,355.6,248.5,563.6,104.1,76.5,162.7,0,0,0,0,0,0,77.0999624644527,61.5694161671164,98.2116242622594,5673.69418808413,5557.37840155293,5822.37269982759,77.0999624644527,61.5694161671164,98.2116242622594,5673.69418808413,5557.37840155293,5822.37269982759,projected,-36.284414389473,projected,62132.4466667722,,8966.31348225728,6173.71363411956,13669.8672779225
California,2020-06-23,2701.7,2061.2,4371.6,784.1,607.5,1259.5,703.5,542.5,1151.6,355.4,247.5,581.2,104.1,75.5,167.1,0,0,0,0,0,0,77.511776951812,61.2201242729306,99.5019287754135,5751.20596503594,5617.87285529548,5919.09318455397,77.511776951812,61.2201242729306,99.5019287754135,5751.20596503594,5617.87285529548,5919.09318455397,projected,-36.1165978441778,projected,62552.2549038827,,8898.30141624753,6094.80732768662,13654.4667645845
California,2020-06-24,2704.2,2038.3,4361.3,786.1,602.5,1274.2,705.1,536,1148.5,353,238,577.3,103.8,75,165.2,0,0,0,0,0,0,77.7835271582269,60.6623115899629,101.251908741791,5828.98949219417,5678.60745603789,6022.11614587339,77.7835271582269,60.6623115899629,101.251908741791,5828.98949219417,5678.60745603789,6022.11614587339,projected,-35.9393001481232,projected,62972.0631409931,,8835.16553590313,6020.06786445137,13671.1913149098
California,2020-06-25,2702.2,2029.5,4406.5,787.5,597,1264.7,706,532,1142,351,246,589.6,103.4,74,166,0,0,0,0,0,0,77.9015047199223,60.3398181509517,102.76848559473,5906.89099691409,5739.62399992235,6128.02023616722,77.9015047199223,60.3398181509517,102.76848559473,5906.89099691409,5739.62399992235,6128.02023616722,projected,-35.7523280109324,projected,63391.8713781035,,8779.25076059094,5950.82918858416,13766.8921729008
California,2020-06-26,2701.3,2008.4,4413.1,788.2,593,1258.3,706.2,530,1134.3,351,241.5,573.2,103.2,74,172,0,0,0,0,0,0,77.8948752395632,59.8930807661496,103.531879734021,5984.78587215366,5802.86576628853,6228.45636255519,77.8948752395632,59.8930807661496,103.531879734021,5984.78587215366,5802.86576628853,6228.45636255519,projected,-35.555510508288,projected,63811.679615214,,8718.68279505625,5874.70259910971,13853.2480956299
California,2020-06-27,2698,1977.4,4415.5,788.3,584,1251.1,705.9,521.5,1121,350.2,236,584.4,102.7,72,167.5,0,0,0,0,0,0,77.797146918529,59.3312124722021,104.272813309486,6062.58301907219,5860.94427773185,6329.21113064663,77.797146918529,59.3312124722021,104.272813309486,6062.58301907219,5860.94427773185,6329.21113064663,projected,-35.3486886743143,projected,64231.4878523244,,8652.75358232524,5792.55821116008,13826.6283869838
California,2020-06-28,2694.1,1953,4419.3,787.3,579,1248.3,704.7,517,1113.1,350,235.5,609.5,102,72.5,171.6,0,0,0,0,0,0,77.6306781213629,58.620603242229,105.32349865945,6140.21369719355,5919.70119227011,6432.23103394601,77.6306781213629,58.620603242229,105.32349865945,6140.21369719355,5919.70119227011,6432.23103394601,projected,-35.1316704563286,projected,64651.2960894345,,8587.36122325019,5692.27124144472,13787.3140942268
California,2020-06-29,2686.5,1930.8,4393.4,786.2,571,1237.5,703.5,512,1118.8,345.8,230.5,570.2,101.9,72,169.6,0,0,0,0,0,0,77.4175611962232,57.9519994448267,106.224857348898,6217.63125838977,5978.7499724343,6535.46979889035,77.4175611962232,57.9519994448267,106.224857348898,6217.63125838977,5978.7499724343,6535.46979889035,projected,-34.9042736590205,projected,65071.1043265449,,8522.57285162963,5587.07064689547,13832.3599856978
California,2020-06-30,2678,1925.4,4415.8,784.1,566.5,1260.9,701.5,508,1146.5,345,231,582.1,101,70,173,0,0,0,0,0,0,77.1596633675223,57.0388311018028,106.912828083157,6294.79092175729,6037.30387696796,6638.40638453307,77.1596633675223,57.0388311018028,106.912828083157,6294.79092175729,6037.30387696796,6638.40638453307,projected,-34.6663444342119,projected,65490.9125636553,,8458.49015314943,5484.06118080076,13877.4570239715
California,2020-07-01,2669.6,1898,4445.4,781.9,560.4,1279.8,699.1,501,1161.5,342.7,228,603,100.7,69,173,0,0,0,0,0,0,76.8414317491847,56.46407939142,108.042149836121,6371.63235350648,6095.22310837045,6747.56578439493,76.8414317491847,56.46407939142,108.042149836121,6371.63235350648,6095.22310837045,6747.56578439493,projected,-34.4177616568222,projected,65910.7208007658,,8400.80943225642,5388.14899817277,13931.519933076
California,2020-07-02,2660.3,1871,4465.4,778.7,558,1298.5,696,496.5,1165.5,340.5,221.5,580.2,99.7,68,169,0,0,0,0,0,0,76.4495775205007,55.8800337506681,108.852395667964,6448.08193102698,6152.4730314913,6852.18333421597,76.4495775205007,55.8800337506681,108.852395667964,6448.08193102698,6152.4730314913,6852.18333421597,projected,-34.1584413735517,projected,66330.5290378762,,8351.15856984326,5309.7848309204,13997.4623995883
California,2020-07-03,2646.2,1845,4491.1,775.1,554,1306.6,692.6,493,1168.2,335.6,216,572.5,99.1,67.5,174.5,0,0,0,0,0,0,76.0179351888951,55.271535861853,109.784081134206,6524.09986621587,6209.02955168904,6955.47691685767,76.0179351888951,55.271535861853,109.784081134206,6524.09986621587,6209.02955168904,6955.47691685767,projected,-33.8883412635723,projected,66750.3372749867,,8300.3744715362,5246.21266034041,14032.6234506294
California,2020-07-04,2630.5,1850.8,4469.8,770.8,543.5,1302.9,688.5,484.5,1167.5,333.8,216.5,569.1,98.3,66.5,169,0,0,0,0,0,0,75.5803189206677,54.6440888640078,108.880017723876,6599.68018513654,6261.7344219803,7063.82293288526,75.5803189206677,54.6440888640078,108.880017723876,6599.68018513654,6261.7344219803,7063.82293288526,projected,-33.6074650419739,projected,67170.1455120971,,8247.57080632035,5182.17329897396,14031.3754240874
California,2020-07-05,2612,1829.4,4420.1,766.4,537.5,1330.5,684.3,480.5,1187.1,330.6,209,569.5,97.5,64.5,170.6,0,0,0,0,0,0,75.1277907713273,53.8961540767943,109.085986294238,6674.80797590787,6313.54533581612,7164.5602544192,75.1277907713273,53.8961540767943,109.085986294238,6674.80797590787,6313.54533581612,7164.5602544192,projected,-33.3158667290311,projected,67589.9537492075,,8197.01151312826,5120.43200896382,14029.3175508115
California,2020-07-06,2596.5,1802.5,4443.6,761.6,532,1311.6,679.8,472,1170,330.3,209,585.7,96.7,63.5,171,0,0,0,0,0,0,74.6420928090899,53.1436283304754,109.740281479468,6749.45006871696,6367.72812333074,7277.32779214662,74.6420928090899,53.1436283304754,109.740281479468,6749.45006871696,6367.72812333074,7277.32779214662,projected,-33.0136547019724,projected,68009.761986318,,8148.70624236377,5061.23226614539,14055.105396093
California,2020-07-07,2576.5,1773.8,4390.1,756.5,526.4,1289.2,675.2,467.4,1146.5,325,201.5,596,95.9,64.5,168.5,0,0,0,0,0,0,74.118288546994,52.3429184995865,109.942297664265,6823.56835726395,6421.41990582235,7382.5387934449,74.118288546994,52.3429184995865,109.942297664265,6823.56835726395,6421.41990582235,7382.5387934449,projected,-32.7009954412744,projected,68429.5702234284,,8102.69402395034,5004.38730295934,14124.4696420589
California,2020-07-08,2555.7,1728.4,4481.2,751.6,522,1284.6,670.6,462,1137.8,322.6,198,587.1,95.4,62,170.5,0,0,0,0,0,0,73.5611236796234,51.4942851629389,109.785988174552,6897.12948094358,6472.32074745834,7496.17535848151,73.5611236796234,51.4942851629389,109.785988174552,6897.12948094358,6472.32074745834,7496.17535848151,projected,-32.3781168810154,projected,68849.3784605389,,8063.15392558071,4952.51121089607,14150.6036089387
California,2020-07-09,2536.4,1705.4,4485.4,746.7,512.5,1296.5,666.1,455,1152.8,321.7,195.5,592,94.9,61.5,169.5,0,0,0,0,0,0,72.9752997268133,50.7409085230747,109.973451924592,6970.10478067039,6523.84299684154,7611.02375522747,72.9752997268133,50.7409085230747,109.973451924592,6970.10478067039,6523.84299684154,7611.02375522747,projected,-32.045247389962,projected,69269.1866976493,,8031.45825019941,4905.75860578511,14219.0557439411
California,2020-07-10,2519,1686.9,4404.7,741.4,505.5,1311,661.4,447.5,1168,319.1,199,567.5,93.8,60.5,169.5,0,0,0,0,0,0,72.38830110939,50.0455364136039,110.072054887418,7042.49308177978,6574.78100303192,7724.87180521255,72.38830110939,50.0455364136039,110.072054887418,7042.49308177978,6574.78100303192,7724.87180521255,projected,-31.7024113357124,projected,69688.9949347598,,8001.01430881306,4861.10646978114,14288.0604677755
California,2020-07-11,2500.6,1677.8,4401.2,736.2,498,1303.7,656.7,444.5,1161.2,316.5,196,569.1,93.1,59.5,168.5,0,0,0,0,0,0,71.8309043128557,49.4760849610246,110.219673358151,7114.32398609264,6624.00081075838,7839.88478145424,71.8309043128557,49.4760849610246,110.219673358151,7114.32398609264,6624.00081075838,7839.88478145424,projected,-31.3495960335271,projected,70108.8031718702,,7971.00112371802,4799.42431466524,14368.6061984375
California,2020-07-12,2482.1,1623.9,4413.2,730.8,490,1296.5,651.7,433,1157.1,313,187,584.6,92.6,58.5,168.1,0,0,0,0,0,0,71.3029260138938,48.7814878744739,110.783158289553,7185.62691210653,6670.80004168611,7953.87476550086,71.3029260138938,48.7814878744739,110.783158289553,7185.62691210653,6670.80004168611,7953.87476550086,projected,-30.9868132425359,projected,70528.6114089806,,7944.4243987508,4749.2357896762,14476.6972479299
California,2020-07-13,2463.7,1602.4,4435.9,725.7,487.9,1291.1,647,429.5,1148.1,312.9,187,556.9,92,58.5,167.1,0,0,0,0,0,0,70.7878995449394,47.9142121206947,110.718878726076,7256.41481165147,6716.78385628671,8061.47726125889,70.7878995449394,47.9142121206947,110.718878726076,7256.41481165147,6716.78385628671,8061.47726125889,projected,-30.6141004571638,projected,70948.4196460911,,7921.32031552785,4702.13875791952,14591.6283774301
California,2020-07-14,2446.5,1574.5,4388.4,720.1,477.9,1286,642.1,420.5,1148.5,309.2,186.5,584.6,91.2,57,167.1,0,0,0,0,0,0,70.2763624732222,47.0286081871511,111.078635596977,7326.69117412469,6761.96748523355,8177.40978648745,70.2763624732222,47.0286081871511,111.078635596977,7326.69117412469,6761.96748523355,8177.40978648745,projected,-30.2315221056929,projected,71368.2278832015,,7901.74479919689,4651.26223816164,14713.7802193984
California,2020-07-15,2430.7,1568,4367.9,714.7,468,1280.2,637.2,414,1141.7,308.3,178.5,579.2,90.4,55.5,165.5,0,0,0,0,0,0,69.7614652005009,46.2774975579274,111.364049557382,7396.45263932519,6806.43748550243,8293.81609878588,69.7614652005009,46.2774975579274,111.364049557382,7396.45263932519,6806.43748550243,8293.81609878588,projected,-29.83917063768,projected,71788.036120312,,7888.70052904642,4600.60443491861,14849.5708568096
California,2020-07-16,2412.3,1539.5,4323.9,709.5,460,1272.7,632.6,406.4,1143.5,305,180.4,574,89.9,54.5,165.2,0,0,0,0,0,0,69.233842524575,45.6376945992137,111.544416353179,7465.68648184977,6852.27502571083,8410.57560987438,69.233842524575,45.6376945992137,111.544416353179,7465.68648184977,6852.27502571083,8410.57560987438,projected,-29.4371674819862,projected,72207.8443574224,,7883.44222877046,4555.2588456532,15002.2817299742
California,2020-07-17,2396.5,1513.5,4318.3,704.5,454,1280.6,628.3,404.4,1147.3,304.6,178.5,568.8,89.5,55,168.6,0,0,0,0,0,0,68.7112141156091,44.8601777494152,111.716059187411,7534.39769596538,6897.96672840936,8516.20447876842,68.7112141156091,44.8601777494152,111.716059187411,7534.39769596538,6897.96672840936,8516.20447876842,projected,-29.0256638575265,projected,72627.6525945325,,7881.56228021535,4520.23370736986,15163.0672397695
California,2020-07-18,2379.1,1471,4345.5,699.6,451.5,1282.5,624,396.5,1148.1,301,174,588.7,88.8,54,167,0,0,0,0,0,0,68.2148206278655,44.2032554446967,111.742640220355,7602.61251659324,6944.32970498581,8610.72390804995,68.2148206278655,44.2032554446967,111.742640220355,7602.61251659324,6944.32970498581,8610.72390804995,projected,-28.604841419534,projected,73047.4608316429,,7882.30834793971,4491.17320565209,15329.4859256521
California,2020-07-19,2364.7,1471.5,4373.9,694.9,443.5,1282.2,619.7,393.9,1131.2,300.4,170,591.6,88.2,53.5,165.6,0,0,0,0,0,0,67.7424426231367,43.6031729023496,112.06795579023,7670.35495921638,6988.08527947896,8704.30341105156,67.7424426231367,43.6031729023496,112.06795579023,7670.35495921638,6988.08527947896,8704.30341105156,projected,-28.1749127251835,projected,73467.2690687533,,7887.66066382869,4465.19345684592,15453.1969750447
California,2020-07-20,2348.2,1451.3,4367.5,690.4,435.5,1282.3,615.7,384,1126.5,298.3,169.4,581.1,87.8,52,168,0,0,0,0,0,0,67.2898009861194,43.0266255118679,112.323295914453,7737.6447602025,7028.53891238937,8802.19853510413,67.2898009861194,43.0266255118679,112.323295914453,7737.6447602025,7028.53891238937,8802.19853510413,projected,-27.7361215038186,projected,73887.0773058638,,7897.69819567412,4441.98942699935,15630.4334168635
California,2020-07-21,2335,1425.9,4324.9,685.7,425,1276.6,611.7,376.9,1121.6,297.5,168.9,573.5,87.1,50.5,170.1,0,0,0,0,0,0,66.858420968854,42.372360759,112.676636942888,7804.50318117135,7070.44901195928,8918.57715443125,66.858420968854,42.372360759,112.676636942888,7804.50318117135,7070.44901195928,8918.57715443125,projected,-27.2887427187905,projected,74306.8855429742,,7912.50810993693,4421.54014841076,15811.5213606097
California,2020-07-22,2320.6,1423.8,4308.8,681.2,417.4,1265.7,607.6,372.4,1122.3,295.5,165,571.1,86.8,52,169.5,0,0,0,0,0,0,66.4415934957097,41.7166891140596,113.007367308145,7870.94477466706,7114.3147870417,9035.46247507018,66.4415934957097,41.7166891140596,113.007367308145,7870.94477466706,7114.3147870417,9035.46247507018,projected,-26.8330824100145,projected,74726.6937800847,,7934.10970425867,4404.96480159443,15961.7205164962
California,2020-07-23,2310,1393.2,4344.5,677.1,411.4,1258,604,364.5,1124.7,296,164,572.5,86.3,49,166,0,0,0,0,0,0,66.0308043164815,41.1194301061899,113.293193778318,7936.97557898354,7157.70675605905,9152.83280838066,66.0308043164815,41.1194301061899,113.293193778318,7936.97557898354,7157.70675605905,9152.83280838066,projected,-26.3694773087756,projected,75146.5020171951,,7963.68894792211,4392.84876048975,16130.4580011547
California,2020-07-24,2298.2,1366.5,4412.4,673.5,407.5,1272.7,600.8,360.5,1138.9,294.3,163,580.1,86.1,49.5,167.7,0,0,0,0,0,0,65.6381988500831,40.6158469472266,113.593485593379,8002.61377783363,7200.64256654691,9270.65563212629,65.6381988500831,40.6158469472266,113.593485593379,8002.61377783363,7200.64256654691,9270.65563212629,projected,-25.8982942190076,projected,75566.3102543055,,7998.73947369983,4377.22687690221,16339.3334356351
California,2020-07-25,2288.3,1369,4347.4,669.8,403.4,1279,597.7,355,1142,292.8,160.5,575.9,85.7,49,168,0,0,0,0,0,0,65.2794030886898,40.1016893166172,113.678584966546,8067.89318092232,7243.13952503098,9388.95087956761,65.2794030886898,40.1016893166172,113.678584966546,8067.89318092232,7243.13952503098,9388.95087956761,projected,-25.4199291622177,projected,75986.118491416,,8038.58392858758,4369.96622377988,16513.3687887371
California,2020-07-26,2279.1,1322.5,4351.6,666.5,394.5,1301.1,594.8,351.5,1156.4,293.1,152,567,85.6,49,172.5,0,0,0,0,0,0,64.9531926075878,39.624995300921,114.055649762666,8132.8463735299,7285.21519933606,9499.84756237768,64.9531926075878,39.624995300921,114.055649762666,8132.8463735299,7285.21519933606,9499.84756237768,projected,-24.934806286343,projected,76405.9267285264,,8084.34305789218,4352.23101466969,16686.5232110824
California,2020-07-27,2270.9,1320.4,4337,663.7,389.4,1289.4,592.4,347.4,1155.2,291.8,159.5,583,85.5,49,167.5,0,0,0,0,0,0,64.6566774772379,39.1306688305502,114.645577559054,8197.50305100714,7325.78581999341,9604.94728442235,64.6566774772379,39.1306688305502,114.645577559054,8197.50305100714,7325.78581999341,9604.94728442235,projected,-24.4433765420796,projected,76825.7349656369,,8136.16793463843,4349.45577839352,16892.514739079
California,2020-07-28,2261.7,1312,4468.8,661.2,386,1286.4,590.2,346,1154,289.7,156.9,582.8,85.1,48.5,169.1,0,0,0,0,0,0,64.3910363948136,38.6347241099403,115.274763285537,8261.89408740196,7364.84669950303,9709.98407356853,64.3910363948136,38.6347241099403,115.274763285537,8261.89408740196,7364.84669950303,9709.98407356853,projected,-23.9461161335104,projected,77245.5432027473,,8194.20729662526,4357.09078873806,17172.8459821952
California,2020-07-29,2254.8,1306.8,4466,658.8,385,1289.8,588.2,344,1153.5,290.3,155,574.1,85.1,47.5,171,0,0,0,0,0,0,64.1513652703668,38.1618214755,115.929498627404,8326.04545267232,7403.54548875389,9816.51614648641,64.1513652703668,38.1618214755,115.929498627404,8326.04545267232,7403.54548875389,9816.51614648641,projected,-23.4435247531484,projected,77665.3514398577,,8259.61894366633,4368.81935323495,17522.7841552643
California,2020-07-30,2249.2,1282.8,4448.7,656.7,379.9,1298.8,586.4,339,1162.3,291.9,150.5,583,85.1,48,168.5,0,0,0,0,0,0,63.9311326546385,37.7115949222745,116.407414396739,8389.97658532696,7441.90242732776,9933.05003275542,63.9311326546385,37.7115949222745,116.407414396739,8389.97658532696,7441.90242732776,9933.05003275542,projected,-22.9361236146974,projected,78085.1596769682,,8333.57980932767,4385.23737312909,17900.9633393908
California,2020-07-31,2243.4,1287,4427.6,654.8,375.4,1302.5,584.8,337.9,1169,289.6,156,589.5,84.8,47,174.1,0,0,0,0,0,0,63.7387262998669,37.3008705946053,117.026664491318,8453.71531162683,7479.95274374673,10050.1053208526,63.7387262998669,37.3008705946053,117.026664491318,8453.71531162683,7479.95274374673,10050.1053208526,projected,-22.4244532998538,projected,78504.9679140786,,8415.39080356827,4399.48644325044,18306.8122953251
California,2020-08-01,2241.5,1270.7,4453.5,653.5,372,1310.5,583.8,333.9,1174.4,292.1,150.5,600.1,84.9,46.5,175,0,0,0,0,0,0,63.5857811807661,36.9332167393032,117.452371882012,8517.30109280759,7517.73700776634,10167.5704340246,63.5857811807661,36.9332167393032,117.452371882012,8517.30109280759,7517.73700776634,10167.5704340246,projected,-21.9090714382633,projected,78924.7761511891,,8504.46542050649,4415.23840312716,18696.2843284631
California,2020-08-02,2236.5,1258.4,4480.7,652.5,367.5,1324.7,583.1,329.5,1190.5,289.2,151,590.1,85.1,45.5,173,0,0,0,0,0,0,63.4724781063274,36.6492392382798,117.13111844229,8580.77357091392,7555.27180547847,10285.7398391762,63.4724781063274,36.6492392382798,117.13111844229,8580.77357091392,7555.27180547847,10285.7398391762,projected,-21.3905502422373,projected,79344.5843882995,,8601.1456612709,4427.78632474262,19094.6778759815
California,2020-08-03,2234.4,1240.4,4498.9,652.1,369.3,1331.1,582.8,327.5,1189.1,290.8,149,589.7,85.2,45,173.1,0,0,0,0,0,0,63.3975481665441,36.4131295353498,117.309167028205,8644.17111908046,7592.56921997543,10413.4006290736,63.3975481665441,36.4131295353498,117.309167028205,8644.17111908046,7592.56921997543,10413.4006290736,projected,-20.8694739199587,projected,79764.3926254099,,8705.69148440411,4444.48593256883,19476.5763081979
California,2020-08-04,2234.7,1222.4,4496.3,652,364.3,1330,582.9,324.4,1186.6,291.2,148,623.5,85.4,45,175,0,0,0,0,0,0,63.3622868899421,36.1996793513962,118.032015827549,8707.53340597041,7631.5334708479,10545.0942413624,63.3622868899421,36.1996793513962,118.032015827549,8707.53340597041,7631.5334708479,10545.0942413624,projected,-20.3464359926434,projected,80184.2008625204,,8818.35008034258,4465.18948664553,19878.6681005757
California,2020-08-05,2237.8,1225,4515.2,652,359.4,1329.5,583.1,321,1185.2,294.3,152.5,604.1,85.1,45.5,173.5,0,0,0,0,0,0,63.3636222229592,36.0087102898803,118.846322010478,8770.89702819337,7667.42077837193,10656.6826277487,63.3636222229592,36.0087102898803,118.846322010478,8770.89702819337,7667.42077837193,10656.6826277487,projected,-19.8220365423982,projected,80604.0090996308,,8939.43892687658,4489.86703087203,20301.9329619953
California,2020-08-06,2237.8,1219.7,4443.8,652.4,357,1319.2,583.7,317,1178.7,292.8,145.5,602.2,85.8,44.5,174.5,0,0,0,0,0,0,63.3969054609445,35.8437659563677,119.695983838045,8834.29393365431,7707.21582796443,10768.6211777444,63.3969054609445,35.8437659563677,119.695983838045,8834.29393365431,7707.21582796443,10768.6211777444,projected,-19.296879418343,projected,81023.8173367409,,9070.17821833687,4535.02762052156,20749.1119367061
California,2020-08-07,2242.7,1202.4,4533.8,653.3,353.4,1323,584.7,317.4,1185,295.1,147.5,619.3,86,45,177,0,0,0,0,0,0,63.4675186949908,35.7104071233166,120.572549780077,8897.7614523493,7747.7097708678,10892.2628027258,63.4675186949908,35.7104071233166,120.572549780077,8897.7614523493,7747.7097708678,10892.2628027258,projected,-18.7715694288913,projected,81443.6255738513,,9211.79329683864,4580.16356249861,21223.0452121885
California,2020-08-08,2245.9,1218.5,4551.8,654.7,354,1316.8,586.2,316.5,1187.5,295.9,151.5,631.7,86.7,46.5,184.1,0,0,0,0,0,0,63.5839032194307,35.6133149691217,121.502741154233,8961.34535556873,7786.21298804268,11016.6308893043,63.5839032194307,35.6133149691217,121.502741154233,8961.34535556873,7786.21298804268,11016.6308893043,projected,-18.2467095479627,projected,81863.4338109617,,9363.81667123719,4620.61901808064,21722.9268275699
California,2020-08-09,2252.8,1199.5,4734.7,656.3,350.5,1325.6,587.8,315.4,1193.1,296.9,145,633.7,87.1,45,180,0,0,0,0,0,0,63.747610427218,35.4743185261465,122.488479486417,9025.09296599595,7824.65233242175,11142.2827125138,63.747610427218,35.4743185261465,122.488479486417,9025.09296599595,7824.65233242175,11142.2827125138,projected,-17.7228981622667,projected,82283.2420480722,,9525.79608494518,4664.54743345026,22244.5640976455
California,2020-08-10,2261.4,1206.3,4785.6,658.5,350,1339.3,589.9,311.5,1211.2,299.9,149,627.6,87.6,45.5,185.5,0,0,0,0,0,0,63.9589098925043,35.3748542819218,123.520977100408,9089.05187588845,7863.04699061469,11271.4112277921,63.9589098925043,35.3748542819218,123.520977100408,9089.05187588845,7863.04699061469,11271.4112277921,projected,-17.2007263857824,projected,82703.0502851826,,9698.14895494881,4712.01386819184,22792.5198875973
California,2020-08-11,2272.2,1201.3,4796.4,661.2,352,1355.2,592.5,313,1228.7,302.5,151.5,663.6,88.3,45.5,190.1,0,0,0,0,0,0,64.2193733593428,35.2860722439044,124.636743389164,9153.2712492478,7901.42125842739,11406.1162269322,64.2193733593428,35.2860722439044,124.636743389164,9153.2712492478,7901.42125842739,11406.1162269322,projected,-16.6807754660734,projected,83122.8585222931,,9881.26776023825,4763.06677714121,23439.424376734
California,2020-08-12,2284.8,1215.3,4838.2,664.1,348,1372.5,595.5,312.9,1246,307.2,147,673.1,88.9,45,188.6,0,0,0,0,0,0,64.527717528821,35.264602606441,125.856514028711,9217.79896677662,7939.79946454452,11539.6547470014,64.527717528821,35.264602606441,125.856514028711,9217.79896677662,7939.79946454452,11539.6547470014,projected,-16.1636143052907,projected,83542.6667594035,,10074.5299571371,4817.22936216462,24135.0799448028
California,2020-08-13,2299.2,1193.2,4948.4,667.9,350.4,1396.7,599.1,311.4,1259.6,307.6,146.5,662.7,89.7,46,192.1,0,0,0,0,0,0,64.8811556557338,35.3265058925985,127.649689861163,9282.68012243235,7975.85757351958,11660.8206217645,64.8811556557338,35.3265058925985,127.649689861163,9282.68012243235,7975.85757351958,11660.8206217645,projected,-15.649797116557,projected,83962.4749965139,,10279.2444958467,4875.02015276421,24755.712120075
California,2020-08-14,2314.5,1194,4942.2,672,350,1416.2,603,312.5,1280.8,310.5,149.5,676,90.5,46,201.1,0,0,0,0,0,0,65.2826430244409,35.4215989771656,130.044272685903,9347.96276545679,8011.89680959566,11795.0620638113,65.2826430244409,35.4215989771656,130.044272685903,9347.96276545679,8011.89680959566,11795.0620638113,projected,-15.1398612340788,projected,84382.2832336244,,10498.9394480938,4938.05134369675,25517.4848514343
California,2020-08-15,2335.1,1194.3,5016.4,677,353.5,1430,607.6,312,1301.3,316.6,153.5,694.1,91.9,47,204.5,0,0,0,0,0,0,65.7380659718927,35.2692467426993,132.478720785995,9413.70083142868,8047.79532164797,11928.1782368537,65.7380659718927,35.2692467426993,132.478720785995,9413.70083142868,8047.79532164797,11928.1782368537,projected,-12.5624548722541,projected,84802.0914707348,,10885.8625570665,5070.01730484739,26553.1364589026
California,2020-08-16,2356.3,1236.2,5012.9,682.1,354,1443.2,612.6,317.4,1302.6,318.3,154,703.5,92.4,46.5,199.6,0,0,0,0,0,0,66.2505500791611,35.2618307988679,133.883225286805,9479.95138150785,8080.37592765328,12040.7858651357,66.2505500791611,35.2618307988679,133.883225286805,9479.95138150785,8080.37592765328,12040.7858651357,projected,-12.0142543368574,projected,85221.8997078453,,11305.5971135819,5220.47221225947,27924.109513076
California,2020-08-17,2378.2,1220.9,5058.2,687.6,357,1460.8,618,316.5,1319.2,321.6,152,739.1,93.5,46.5,204.6,0,0,0,0,0,0,66.8220758860537,35.3425093735395,136.321620998107,9546.7734573939,8113.01192890654,12154.2534110026,66.8220758860537,35.3425093735395,136.321620998107,9546.7734573939,8113.01192890654,12154.2534110026,projected,-11.4719369794022,projected,85641.7079449557,,11610.6085907031,5316.00178241339,29065.0853445159
California,2020-08-18,2402.8,1222.2,5196,694.6,359.5,1488.3,624.5,319.4,1343.2,327,157.9,706.1,95,47.5,209.1,0,0,0,0,0,0,67.4547601422168,35.4535053002493,139.423587869786,9614.22821753612,8145.73326430233,12279.2222643954,67.4547601422168,35.4535053002493,139.423587869786,9614.22821753612,8145.73326430233,12279.2222643954,projected,-10.9359971800936,projected,86061.5161820662,,11943.6920038611,5416.98369157731,30297.7621485723
California,2020-08-19,2428.5,1219.5,5263.2,701.8,359.4,1514.8,631.1,318.5,1368.1,332.2,159.9,740.1,96.3,47.5,211.2,0,0,0,0,0,0,68.1492696109289,35.5924361549655,141.77114996024,9682.37748714705,8178.57072415797,12438.7695974388,68.1492696109289,35.5924361549655,141.77114996024,9682.37748714705,8178.57072415797,12438.7695974388,projected,-10.4069018702486,projected,86481.3244191766,,12299.3303891825,5543.72922138088,31564.2012824608
California,2020-08-20,2458.2,1211.8,5390.5,709.7,363,1551.5,638.4,323.5,1405.3,337.1,159.9,765.5,97.6,47.5,223.6,0,0,0,0,0,0,68.9048379755171,35.7594470931775,143.6811931014,9751.28232512256,8213.07469130317,12601.7379826664,68.9048379755171,35.7594470931775,143.6811931014,9751.28232512256,8213.07469130317,12601.7379826664,projected,-9.88508940100044,projected,86901.132656287,,12676.8834338441,5652.1237083599,32998.2193474563
California,2020-08-21,2490,1217.4,5553.6,717.8,362,1580.3,646,324,1432,342,158,779.6,99,49,227.5,0,0,0,0,0,0,69.722313654469,35.9549393289937,145.694006740191,9821.00463877703,8250.17396616378,12757.3786232206,69.722313654469,35.9549393289937,145.694006740191,9821.00463877703,8250.17396616378,12757.3786232206,projected,-9.37096863799538,projected,87320.9408933975,,13082.173848276,5766.03725753948,34540.5878452003
California,2020-08-22,2521.5,1239,5661,727.1,366.4,1610.5,654.5,328,1463.7,346.8,159,793.5,101,49,229.6,0,0,0,0,0,0,70.6053795377069,36.1828091299177,148.677014530561,9891.61001831474,8287.51474783292,12925.8773759475,70.6053795377069,36.1828091299177,148.677014530561,9891.61001831474,8287.51474783292,12925.8773759475,projected,-8.86491827891385,projected,87740.7491305079,,13514.8044091185,5887.51321809087,36194.2860573705
California,2020-08-23,2559.7,1253.8,5806.4,737,368.9,1639.6,663.6,329.5,1487.8,355.4,167,818.8,102.5,50,231.6,0,0,0,0,0,0,71.5591001409445,36.4468994454717,151.900033209939,9963.16911845568,8325.13074470135,13098.2339451823,71.5591001409445,36.4468994454717,151.900033209939,9963.16911845568,8325.13074470135,13098.2339451823,projected,-8.36759890433651,projected,88160.5573676184,,13972.0486772907,6021.86569120344,37937.578766522
California,2020-08-24,2601.6,1296.8,5905.8,747.6,372.4,1682,673.3,330,1518.8,362.3,170.5,854.7,104.3,49.5,242.2,0,0,0,0,0,0,72.5875332727271,36.7444828099634,155.001301308516,10035.7566517284,8363.05228654023,13238.5526242005,72.5875332727271,36.7444828099634,155.001301308516,10035.7566517284,8363.05228654023,13238.5526242005,projected,-7.87941239072943,projected,88580.3656047288,,14455.0943396388,6162.97865541093,39837.2790639393
California,2020-08-25,2642.4,1319,6043.4,759.1,375.5,1728.2,683.8,338.9,1560.6,366.9,166,865.6,106.2,51.5,249,0,0,0,0,0,0,73.6936649918259,37.0729147092445,157.906051571155,10109.4503167202,8401.34606019884,13379.2481565418,73.6936649918259,37.0729147092445,157.906051571155,10109.4503167202,8401.34606019884,13379.2481565418,projected,-7.40057241451288,projected,89000.1738418388,,14965.212203634,6336.40496934317,41092.416753055
California,2020-08-26,2688.6,1326.4,6258.3,771.4,384.4,1763.6,695.2,345.8,1595.2,376.8,172.5,901.6,108.5,52.5,255.2,0,0,0,0,0,0,74.8804752308907,37.4349799366634,160.98468767679,10184.3307919511,8440.10137576049,13522.1882420857,74.8804752308907,37.4349799366634,160.98468767679,10184.3307919511,8440.10137576049,13522.1882420857,projected,-6.9315705370946,projected,89419.9820789493,,15498.9913592042,6524.47993544396,42709.4135741882
California,2020-08-27,2740.7,1344.8,6407.4,785.7,390.9,1800,708.4,348.4,1634.6,387.6,169.5,913.1,111.7,53.5,262,0,0,0,0,0,0,76.1495904767587,37.8295303936879,164.259186936425,10260.4803824279,8479.24701916395,13667.4904875855,76.1495904767587,37.8295303936879,164.259186936425,10260.4803824279,8479.24701916395,13667.4904875855,projected,-6.47323806535963,projected,89839.7903160597,,16058.4068170101,6684.88681955785,44708.9088751716
California,2020-08-28,2797.1,1355.5,6562,800.5,395.9,1844.7,722.3,351.5,1673.2,396.7,177,957,114.2,52.5,269.6,0,0,0,0,0,0,77.4997876940301,38.2530479603483,169.05960915059,10337.9801701219,8518.80683253535,13815.2618553493,77.4997876940301,38.2530479603483,169.05960915059,10337.9801701219,8518.80683253535,13815.2618553493,projected,-6.02736556979588,projected,90259.5985531702,,16655.3452994888,6845.37081633601,46824.7562152881
California,2020-08-29,2861.2,1377.9,6789.9,817.7,400.4,1913.1,738.2,358,1733.6,409,183,981.1,117.6,55,285,0,0,0,0,0,0,78.9325758344274,38.7091626537361,174.220288267495,10416.9127459563,8558.80881709804,13965.6230845543,78.9325758344274,38.7091626537361,174.220288267495,10416.9127459563,8558.80881709804,13965.6230845543,projected,-5.59380100474176,projected,90679.4067902806,,17290.4365917233,7070.596525985,48425.5377781225
California,2020-08-30,2932.3,1395,7042.8,837.1,404,1980.2,755.9,363.4,1795.6,424.5,184.9,1031.1,121.4,55,291.5,0,0,0,0,0,0,80.45552882058,39.2121370987724,179.688702427471,10497.3682747769,8599.29371402282,14118.7365101811,80.45552882058,39.2121370987724,179.688702427471,10497.3682747769,8599.29371402282,14118.7365101811,projected,-5.17421097749207,projected,91099.215027391,,17959.2307278134,7328.61243551336,50916.2448594617
California,2020-08-31,3007.7,1410,7210.8,857.7,411,2030.8,774.9,369.8,1843.4,434.9,191.5,1085.8,124.8,57,307.6,0,0,0,0,0,36.8,82.298737215635,40.0281684774407,185.482287803831,10579.6670119926,8640.86655490961,14276.5227742647,82.298737215635,40.0281684774407,185.482287803831,10579.6670119926,8640.86655490961,14276.5227742647,projected,-4.76914710279651,projected,91519.0232645015,,18663.3329241428,7550.36661798786,53827.728380968
California,2020-09-01,3093,1434.7,7395.3,879.9,420.4,2110.3,795.6,375.5,1912.6,450.2,196.5,1111.3,128.5,57,311.6,0,0,0,0,0,116.3,84.5073109386195,40.6114549241091,194.313536996719,10664.1743229312,8683.60722535652,14466.9742772326,84.5073109386195,40.6114549241091,194.313536996719,10664.1743229312,8683.60722535652,14466.9742772326,projected,-4.38051371096933,projected,91938.8315016119,,19404.1167641708,7717.61239602826,56799.7053079063
California,2020-09-02,3179.7,1465.8,7615.1,904,429.5,2175.5,817.7,385.9,1959.8,461,199.9,1169.7,132.8,60.5,330.5,0,0,0,0,0,181.5,86.9205704102741,41.3937554454063,200.918862798993,10751.0948933415,8727.0617990989,14665.9112843653,86.9205704102741,41.3937554454063,200.918862798993,10751.0948933415,8727.0617990989,14665.9112843653,projected,-4.00863731111814,projected,92358.6397387224,,20174.751440396,7966.35396064203,59653.9138043499
California,2020-09-03,3270.5,1477.4,7917.9,929.5,434.5,2228.3,841.2,396.4,2025.5,475.3,202,1207.1,136.8,61,345,0,0,0,0,0,234.3,89.5438687395561,42.2861503454679,210.701125479382,10840.638762081,8768.57514661519,14870.231196075,89.5438687395561,42.2861503454679,210.701125479382,10840.638762081,8768.57514661519,14870.231196075,projected,-3.65557071181273,projected,92778.4479758328,,20976.7594117718,8191.06645388063,62646.5030674083
California,2020-09-04,3368.5,1525.6,8290.6,955.8,443.4,2321.1,865.4,402,2113.4,491.9,210.5,1304.5,141.1,61.5,359.1,0,0,0,0,0,327,92.3792173803358,43.5710239222663,218.240415615994,10933.0179794613,8807.53451053315,15093.2237842662,92.3792173803358,43.5710239222663,218.240415615994,10933.0179794613,8807.53451053315,15093.2237842662,projected,-3.3187754243198,projected,93198.2562129433,,21829.1312587157,8402.19445846844,65837.446998512
California,2020-09-05,3470.2,1576.1,8635.2,983.4,451.5,2415.9,890.9,410.5,2196.5,507.3,220.4,1304.8,145.4,64,367.1,0,0,0,0,0,421.9,95.1959231708999,44.4615122687675,226.503740384515,11028.2139026322,8847.07921033422,15358.9583324707,95.1959231708999,44.4615122687675,226.503740384515,11028.2139026322,8847.07921033422,15358.9583324707,projected,-3.00080710713133,projected,93618.0644500537,,22732.5931464771,8619.36917381082,69203.759823209
California,2020-09-06,3575.2,1601.5,8981.2,1012.8,456.4,2500.1,917.9,415.5,2275.2,525.2,227,1379.2,150.4,64,387.5,0,0,0,0,0,506.1,97.9763433369735,45.455337690532,236.734186762497,11126.1902459692,8894.22433824489,15636.5045129849,97.9763433369735,45.455337690532,236.734186762497,11126.1902459692,8894.22433824489,15636.5045129849,projected,-2.70172811422844,projected,94037.8726871641,,23678.6549211474,8842.15850967709,73055.9979976425
California,2020-09-07,3688.1,1638.4,9342.3,1044.3,465.5,2607,946.7,422,2371.8,542.9,224,1402.8,155.6,67.5,406.1,0,0,0,0,0,613,100.956666680772,46.5279407414876,245.783750853575,11227.14691265,8950.40351052337,15796.5278147065,100.956666680772,46.5279407414876,245.783750853575,11227.14691265,8950.40351052337,15796.5278147065,projected,-2.42151911883055,projected,94457.6809242746,,24669.0123983041,9072.14882821031,76496.2473804604
California,2020-09-08,3805.7,1674.2,9618.5,1077.6,476.5,2722.6,977.2,432.9,2482.3,563,231.5,1473.4,161,69,424,0,0,0,0,0,728.6,104.131500936624,47.7031524278456,256.566601073052,11331.2784135866,8998.17116887875,16012.5458771008,104.131500936624,47.7031524278456,256.566601073052,11331.2784135866,8998.17116887875,16012.5458771008,projected,-2.1626333393124,projected,94877.489161385,,25704.5831857667,9320.67798967082,81393.1787717972
California,2020-09-09,3932.5,1731.5,10074.4,1112.5,489.5,2831.1,1009.1,442.5,2583.7,582.5,240.4,1558.4,166.7,70.5,436.1,0,0,0,0,0,837.1,107.505550715842,49.0026050214577,267.999613015762,11438.7839643025,9045.07601967341,16265.0902196638,107.505550715842,49.0026050214577,267.999613015762,11438.7839643025,9045.07601967341,16265.0902196638,projected,-1.92482215111976,projected,95297.2973984955,,26772.7451338985,9544.52659604605,86683.541082632
California,2020-09-10,4067.3,1778.7,10555.1,1149.6,502,2946.1,1043,456,2679.2,604.4,246.5,1607.7,172.5,72,463.5,0,0,0,0,0,952.1,111.086419648379,50.2557806234887,280.048853515069,11549.8703839508,9093.14216155,16526.6191431109,111.086419648379,50.2557806234887,280.048853515069,11549.8703839508,9093.14216155,16526.6191431109,projected,-1.70490243718499,projected,95717.1056356059,,27874.8199357936,9782.19554491043,90984.1022543594
California,2020-09-11,4209.3,1822.7,10954.5,1189.4,519.4,3058.7,1079.3,468.9,2795.6,627.5,248.5,1699.1,179.4,74,476,0,0,0,0,0,1064.7,114.867631057773,51.6042495014134,293.456740215085,11664.7380150086,9142.41243909721,16784.8851849052,114.867631057773,51.6042495014134,293.456740215085,11664.7380150086,9142.41243909721,16784.8851849052,projected,-1.5051881716009,projected,96136.9138727163,,29039.5608244525,10031.0960412182,95429.8613309202
California,2020-09-12,4360.4,1870.2,11451.4,1230.7,531.4,3205.1,1117.1,479.4,2923.3,651.7,259,1764.9,185.8,76,499.6,0,0,0,0,0,1211.1,118.846111651641,52.9843761301285,307.591042929466,11783.5841266602,9193.00353597857,17080.0359026678,118.846111651641,52.9843761301285,307.591042929466,11783.5841266602,9193.00353597857,17080.0359026678,projected,-1.32527907756618,projected,96556.7221098268,,30266.6279540908,10295.9955231907,100140.778499191
California,2020-09-13,4519,1910.7,11924.2,1274.6,545.4,3342.2,1157.4,493.5,3046,676.9,266.9,1835.2,193,79,522.1,0,0,0,0,0,1348.2,123.040627164589,54.3982637147226,322.529641825929,11906.6247538248,9255.16065037877,17327.5097618431,123.040627164589,54.3982637147226,322.529641825929,11906.6247538248,9255.16065037877,17327.5097618431,projected,-1.16118732210061,projected,96976.5303469372,,31542.4646783029,10554.529568873,106529.678129917
California,2020-09-14,4686.2,1941.9,12472.9,1321.2,557.9,3502.9,1200,503,3199.5,702.5,266.5,1903.2,200.9,79.5,549.5,0,0,0,0,0,1508.9,127.470284208912,55.9119483321216,333.997573695311,12034.0950380337,9321.42477795374,17676.6104914178,127.470284208912,55.9119483321216,333.997573695311,12034.0950380337,9321.42477795374,17676.6104914178,projected,-1.01125690150038,projected,97396.3385840472,,32869.3980645157,10819.7026326369,113270.120769309
California,2020-09-15,4861.3,2007.8,13102.1,1369.5,569.4,3671.5,1244.2,516,3337.9,729.6,276.5,1989.2,208.3,83.5,574.1,0,0,0,0,0,1677.5,132.146692245841,57.3379356052945,344.469084076682,12166.2417302796,9379.20413402627,17992.4183037697,132.146692245841,57.3379356052945,344.469084076682,12166.2417302796,9379.20413402627,17992.4183037697,projected,-0.879340211919128,projected,97816.1468211577,,34247.6187141811,11098.1122981751,119264.475475327
California,2020-09-16,5045.1,2068.8,13682.4,1420.4,586.9,3832.8,1290.9,531.9,3506.7,758,277.5,2073,216.4,86.5,588.5,0,0,0,0,0,1838.8,137.088103291078,59.2075589612132,359.957320769857,12303.3298335707,9437.46831279675,18318.7037874296,137.088103291078,59.2075589612132,359.957320769857,12303.3298335707,9437.46831279675,18318.7037874296,projected,-0.763916201813669,projected,98235.9550582681,,35655.9505863738,11356.5384532137,124434.604446169
California,2020-09-17,5240.9,2106.3,14301.2,1474.2,598.5,4015.7,1340.2,543.5,3656.9,791.1,294,2263.8,225.2,87,634.5,0,0,0,0,0,2021.7,142.311426411945,60.5334366909814,376.750956865056,12445.6412599826,9495.30208497632,18657.5323602957,142.311426411945,60.5334366909814,376.750956865056,12445.6412599826,9495.30208497632,18657.5323602957,projected,-0.662960226841778,projected,98655.7632953786,,37094.3659419839,11603.1319938973,129646.280060095
California,2020-09-18,5445.3,2190.8,14869.4,1531.3,617.9,4143.6,1392.2,559.4,3792.1,821.9,300.4,2352.4,234.6,87.5,661.6,0,0,0,0,0,2149.6,147.805006282734,61.925124130215,394.544414330018,12593.4462662653,9560.04892592203,18983.4218983158,147.805006282734,61.925124130215,394.544414330018,12593.4462662653,9560.04892592203,18983.4218983158,projected,-0.57366238065257,projected,99075.571532489,,38607.042725647,11872.1469580671,135068.494666995
California,2020-09-19,5658.2,2245.9,15709.5,1590.8,637,4339.8,1446.7,578.8,3973.8,854.9,310,2457.1,243.7,92,707,0,0,0,0,0,2345.8,153.557845764426,63.3642417983043,413.95029868106,12747.0041120298,9623.24453300834,19375.0142274296,153.557845764426,63.3642417983043,413.95029868106,12747.0041120298,9623.24453300834,19375.0142274296,projected,-0.49533664803638,projected,99495.3797695994,,40194.294886446,12150.3622889347,140693.740168959
California,2020-09-20,5881.6,2301.8,16494.1,1653.6,652,4553.1,1504.1,590,4168.9,890.1,323,2514.8,254,94,733.6,0,0,0,0,0,2559.1,159.593395051789,64.8496421684692,435.615430030873,12906.5975070816,9688.06772413885,19761.1391875696,159.593395051789,64.8496421684692,435.615430030873,12906.5975070816,9688.06772413885,19761.1391875696,projected,-0.42674863012968,projected,99915.1880067099,,41833.5777691834,12479.8036665278,148133.000980076
California,2020-09-21,6117.8,2331.8,17194.6,1719.5,668,4774,1564.4,607,4370,927.5,330,2705.1,264.4,96.5,764.9,0,0,0,0,0,2780,165.936064105369,66.3801449290323,450.651937508614,13072.5335711869,9754.60054348856,20225.1546924777,165.936064105369,66.3801449290323,450.651937508614,13072.5335711869,9754.60054348856,20225.1546924777,projected,-0.367022292378593,projected,100334.99624382,,43526.2842542337,12727.9608285761,156065.807570269
California,2020-09-22,6368.9,2391.6,18189.3,1788,688.8,5032.3,1627.3,621,4599.8,968.3,334.5,2907.5,274.7,99,822.1,0,0,0,0,0,3038.3,172.597682227244,68.393472914723,464.870168492004,13245.1312534142,9823.40520446878,20738.3345804938,172.597682227244,68.393472914723,464.870168492004,13245.1312534142,9823.40520446878,20738.3345804938,projected,-0.314149942497773,projected,100754.804480931,,45273.3990304593,13045.9771581316,164290.861498472
California,2020-09-23,6628.9,2446.7,19093.3,1860.2,701,5266.2,1693.3,635.9,4824,1005.6,346.5,2977.1,286.3,99.5,850.1,0,0,0,0,0,3272.2,179.601033260727,70.2083001829409,490.594879893454,13424.7322866749,9906.959568493,21328.4994516775,179.601033260727,70.2083001829409,490.594879893454,13424.7322866749,9906.959568493,21328.4994516775,projected,-0.267506084190907,projected,101174.612718041,,47043.8062363711,13306.2363717278,172697.197785437
California,2020-09-24,6897.2,2511.7,20018.7,1935.3,722,5534.8,1762.1,655,5068.4,1046.1,363,3096.5,298.1,103.5,886.5,0,0,0,0,0,3540.8,186.967297967871,72.0751863936921,519.159425091356,13611.6995846428,9971.07796186108,21954.3554185775,186.967297967871,72.0751863936921,519.159425091356,13611.6995846428,9971.07796186108,21954.3554185775,projected,-0.227222751468219,projected,101594.420955152,,48835.5311561821,13581.135761044,181260.766758354
California,2020-09-25,7180.7,2556.9,21006.8,2014.5,734.5,5820.3,1834.2,673.9,5318.2,1091.4,360.5,3358.2,310.8,107.5,944.1,0,0,0,20.5,0,3826.3,194.66993505787,73.9439331084703,549.279232080762,13806.3695197006,10039.7083460046,22548.6670038121,194.66993505787,73.9439331084703,549.279232080762,13806.3695197006,10039.7083460046,22548.6670038121,projected,-0.191811651658932,projected,102014.229192262,,50713.1290868005,13907.1952152766,190174.845371981
California,2020-09-26,7474.9,2630.4,22087.5,2096.8,754.5,6110.4,1909.4,691.5,5580,1134.7,376.5,3473.1,323.5,109.5,973.1,0,0,0,102.8,0,4116.4,202.681735779759,75.8138180587935,576.578023214007,14009.0512554804,10115.5646592343,23127.1998564422,202.681735779759,75.8138180587935,576.578023214007,14009.0512554804,10115.5646592343,23127.1998564422,projected,-0.16108058958668,projected,102434.037429373,,52676.2282993282,14192.5355248081,199446.523655042
California,2020-09-27,7784.1,2707.4,23292.3,2182.2,776,6407.1,1987.3,707.4,5847,1183.5,380,3600.8,336.7,112.5,1034.5,0,0,0,188.2,0,4413.1,211.029746489597,77.7877984930208,609.28335765232,14220.08100197,10207.7056106345,23753.6793865987,211.029746489597,77.7877984930208,609.28335765232,14220.08100197,10207.7056106345,23753.6793865987,projected,-0.134044749401465,projected,102853.845666483,,54690.4720322939,14479.30175205,208942.938317657
California,2020-09-28,8102.8,2762.9,24498.3,2272.2,795.5,6749.2,2069.3,721.5,6165.4,1229.9,381.4,3876.8,350.8,114.5,1096.5,0,0,0,278.2,0,4755.2,219.742496684742,79.8559112143979,643.551217467424,14439.8234986547,10305.7149797457,24465.3495743713,219.742496684742,79.8559112143979,643.551217467424,14439.8234986547,10305.7149797457,24465.3495743713,projected,-0.11108204710942,projected,103273.653903593,,56756.7869921172,14770.8743011048,218631.501071498
California,2020-09-29,8431.9,2855.9,25676.2,2365.8,814,7140.3,2154.6,742.5,6515.5,1279.8,397,4129,365.1,119.5,1140.1,0,0,0,371.8,0,5146.3,228.830515926238,81.990600990743,679.436821831323,14668.654014581,10408.0867811622,25215.3585668496,228.830515926238,81.990600990743,679.436821831323,14668.654014581,10408.0867811622,25215.3585668496,projected,-0.0923527935625766,projected,103693.462140704,,58874.6062772444,15279.5517086457,228483.969518609
California,2020-09-30,8779.5,2932.3,26694.1,2463.3,833,7516.4,2243.5,753.5,6839.6,1334.9,425.5,4148.8,380.3,119.5,1187.2,0,0,40.1,469.3,0,5522.4,238.323208677185,84.1064247737266,717.489721568837,14906.9772232582,10511.4216210035,25997.8112978587,238.323208677185,84.1064247737266,717.489721568837,14906.9772232582,10511.4216210035,25997.8112978587,projected,-0.0769114801402612,projected,104113.270377814,,60996.8339989122,15668.5311182201,238306.823511459
California,2020-10-01,9140.6,3002.8,28494.4,2564.1,858.4,7881.7,2335.4,774.9,7222.1,1388.7,426.4,4386.1,395.6,122,1270.6,0,0,1840.4,570.1,0,5887.7,248.24736179546,86.2935047409649,762.43427710535,15155.2245850536,10605.5140934437,26733.6901913133,248.24736179546,86.2935047409649,762.43427710535,15155.2245850536,10605.5140934437,26733.6901913133,projected,-0.0643438418713299,projected,104533.078614925,,63119.8027984232,16022.88423902,247419.754218958
